index,ID
GEORG 2.,peGeorgII
SILLE (Cecilie Marie) f. Gade JØRGENSEN,peCMJorg
AFTENBLADET,orgAftb
AFTENPOSTEN,orgAftp
BANCO NAPOLETANA,orgBanNap
BERGENS NATIONALE SCENE,orgNatSc
BERGENS THEATERFORENING,orgTeatB
BERLINGSKE TIDENDE,orgBerTid
BURGTHEATER,orgBurg
CHRISTIANIA BYFOGEDCONTOR,orgCB
CHRISTIANIA THEATER,orgChrTh
CHRISTIANIA-POSTEN,orgCPo
DAGBLADET,orgDagbl
DAGS-TELEGRAPHEN,orgDT
DEN FRISINNEDE STUDENTERFORENING,orgFriStud
DEN GYLDENDALSKE BOGHANDEL,orgGyl
DEN NORSKE FORFATTERFORENING,orgDnFo
DEN SKANDINAVISKE FORENING I ROMA,orgSF
DET AKADEMISKE KOLLEGIUM,orgAkKoll
DET BRITISK-SKANDINAVISKE SELSKAB,orgBsS
DET KONGELIGE NORSKE VIDENSKABERS SELSKAB,orgKNVS
DET KONGELIGE THEATER I KØBENHAVN,orgKT
DET NORSKE STUDENTERSAMFUND,orgStud
DET NORSKE THEATER I BERGEN,orgNTB
DEUTSCHE GENOSSENSCHAFT DRAMATISCHER AUTOREN UND COMPONISTEN,orgDGen
DEUTSCHES VOLKSTHEATER,orgDV
DIREKSJONEN FOR DAMPSKIPET DRONNINGEN,orgDampD
DRESDNER BEZIRKS-GERICHTS-AMT,orgDresBGA
FELIX BLOCH ERBEN,orgFBE
FINANTS- OG TOLDDEPARTEMENTET (FINANSDEPARTEMENTET),orgFinDep
GIORDANO BRUNO-KOMITEEN,orgGBkom
HOHLENBERG,orgHoh
HOTEL GRÖBNER,orgHotG
ILLUSTRERET NYHEDSBLAD,orgIN
JENSEN CO.,orgJComp
"KIRKE- OG UNDERVISNINGSDEPARTEMENTET, eller: DEPARTEMENTET FOR KIRKE- OG UNDERVISNINGSVESENET, gjerne forkortet: KIRKEDEPARTEMENTET",orgKdep
"KIRKE- OG UNDERVISNINGSMINISTERIET, eller: MINISTERIET FOR KIRKE- OG UNDERVISNINGSVÆSEN, vanligvis kalt KULTUSMINISTERIET",orgKUMin
KOMITÉEN FOR TUSENÅRSFESTEN I BERLIN,orgKomTB
KONGEN,orgKong
KONGL. DRAMATISKA THEATERN,orgKDTS
KONGL. THEATRARNE I STOCKHOLM,orgKoTh
KRISTIANIA ARBEIDERSAMFUND,orgKrArb
KRISTIANIA JOURNALISTKLUB,orgJour
KRISTIANIA LIGNINGSKOMMISJON,orgKrLign
KRISTIANIA NORSKE THEATER,orgKNT
KRISTIANIA VESTRE ARBEIDERSAMFUND,orgKrVArb
LANDBRUKSDEPARTEMENTET,orgLdep
MÜNCHENER NEUESTE NACHRICHTEN,orgMNN
NATIONALTHEATRET,orgNatTh
NATIONALTIDENDE,orgNat
NEUE ZEIT : WOCHENSCHRIFT FÜR DEUTSCHES THEATER UND URHEBERRECHT,orgNeuZ
NORSKE INTELLIGENSSEDLER,orgNoInt
NORSK KVINDESAGSFORENING,orgNoKvin
NY JORD,orgNJo
ODELSTINGET,orgOdel
PHILIPP RECLAM JUN.,orgPR
POLITIKEN,orgPolit
PRESSENS TIVOLIUGE,orgKomPT
ROGER,orgRog
SCHUSTER LOEFFLER,orgScLo
SKATMESTEREMBEDET VED DEN KONGELIGE NORSKE SANKT-OLAVS ORDEN,orgStOlav
S. REIERSEN COMP.,orgSRComp
STORA TEATERN (GÖTEBORG),orgGotT
STORTINGET,orgStort
STUDENTERFORENINGENS SENIORAT,orgStudSeni
STUDENTFORENINGEN FRAM,orgStudF
SVENSKA AKADEMIENS NOBELKOMMITTÉ,orgNOB
THRONDHJEMS THEATER,orgTT
TRONDHJEM STIFT[AMT],orgTS
VERDENS GANG,orgVG
 A,peHerrA
 ABD AL-QADIR eller: ABD EL-KADER,peAb
 ABDÜLAZIZ,peAbd
 CHRISTIAN [AUGUST RUDOLPH] ABELSTED,peCARA
 THEODOR ABILDGAARD,peTAb
 [JENSINE MARIE FREDERIKKE] CECILIE f. Holm ABRAHAMS,peCA
 FRITZ ABRAHAMS,peFrAb
 [JOHANNES HENRIK] SEVERIN ABRAHAMS,peJHSA
 [CARL JULIUS] THEODOR ACKERMANN,peTA
 LEOPOLD ADLER,peLAd
 [KARIN] SOPHIE f. Leijonhufvud ADLERSPARRE,peSA
 BERNHARD AFINGER,peBA
 [HENRIETTE ELISABETH] PAULINE [CHRISTINA] AHLBERG,peHEPCA
 ALEXANDER KARADJORDJEVIĆ (KARAGEORGEVIĆ),peAKar
 ALEXANDRA,peAlex
 BETTY (Hedvig Christina Elisabeth) f. Deland ALMLÖF,peBeAlm
 JOHAN LUDVIG ALSING,peJLA
 OLGA f. Cantacuzène ALTIERI,peOAl
 AMMIANUS MARCELLINUS,peAmm
 MICHAEL [PETER] ANCHER,peMA
 ANNE FREDRIKKE f. Sontum ANDERSEN,peAFA
 AXEL ANDERSEN,peAAn
 CARL [CHRISTIAN THORVALD] ANDERSEN,peCCTA
 HANS CHRISTIAN ANDERSEN,peHCA
 HILDUR ANDERSEN,peHA
 MATHILDE ANDERSEN,peMatA
 OLUF MARTIN ANDERSEN,peOMA
 THEODOR [VILHELM JACOB] ANDERSEN,peTAn
 VALBORG ANDERSEN,peVA
 RASMUS BJØRN ANDERSON,peRBA
 JUSTUS [HENRIK] ANDERSSEN,peJAn
 LOU f. von Salomé ANDREAS-SALOMÉ,peLAS
 JENS PETER ANDRESEN,peJPA
 CARL JOHAN ANKER,peCJA
 ANTON ANNO,peAnAn
 ANDRÉ ANTOINE,peAA
 PAUL APFELSTEDT,pePA
 ANNA ELIZA f. Thomas ARBO,peAEAr
 PETER NICOLAI ARBO,pePNA
 FRANCES [ELIZABETH] f. Trickett ARCHER,peFrAr
 WILLIAM ARCHER,peWA
 SOFUS [ANTON BIRGER] ARCTANDER,peSArc
 ARIUS,peArius
 RICHARD ACLAND ARMSTRONG,peRA
 [WILLIBALD] ARNO VON ARNDT,peWAA
 KARL LUDWIG (ARNDTS VON ARNESBERG) ARNDTS,peKLAr
 AUGUST [FREDRIK] ARPPE,peAAr
 AKSEL [KRISTIAN ANDERSEN] ARSTAL,peAArs
 HENNY [HENRIETTE WILHELMINE] f. Nicolaysen ARSTAL,peHArs
 OLAUS (OLE) ARVESEN,peOAr
 SOPHIE MARIE f. Stangebye ARVESEN,peSMA
 PETER CHRISTEN ASBJØRNSEN,pePCA
 TORKEL HALVORSEN ASCHEHOUG,peThAs
 JACOB [HVEDING] ASMUNDSEN,peJaHAs
 HANS RASMUS ASTRUP,peHRA
 [EUPHRASIE HÉLOISE] LYDIE f. Lemercier de Nerville AUBERNON DE NERVILLE,peLA
 [FREDRIK LUDVIG] ANDREAS [VIBE] AUBERT,peAAu
 ELISE [SOFIE] f. Aars AUBERT,peEA
 LUDVIG [MARIBO BENJAMIN] AUBERT,peLMBA
 AUGUSTA/GUSTA,peAug
 OLE ANDREAS BACHKE,peOAB
 HARRIET BACKER,peHaBa
 WALTHER BACMEISTER,peWBa
 FREDERIK [AUGUST WILHELM] BAGGE,peFBa
 MAGNUS [THULSTRUP] BAGGE,peMaBa
 PETER [FREDRIK LEO] BAGGE,pePeBa
 CARL [THOLSTRUP] BAHNSON,peCTB
 HERMANN BAHR,peHeBa
 ALBERT [THEODOR FREDERIK NICOLAI REICHWEIN HUITFELDT] BANG,peABan
 ANTON CHRISTIAN BANG,peACB
 FREDERIK SIEGFRED BANG,peFSB
 HERMAN [JOACHIM] BANG,peHBa
 IVAR [CHRISTIAN] BANG,peIB
 ANDREA BARBARO,peABa
 MARIETTA BARBARO,peMBa
 EMILIE BARDACH,peEBa
 MINNA BARDACH,peMiBa
 SIGMUND BARDACH,peSiBa
 ADOLF [GABRIEL] BARNEKOW,peAGB
 VICTOR BARRUCAND,peVBa
 BASILEIOS DEN STORE,peBas
 BASILEIOS AV ANCYRA,peBasAnc
 FRÉDÉRIC BASTIAT,peFrBa
 C. BAUER,peCBa
 HENRY [FRANCIS] BAUËR,peHBau
 CARL [JOHAN] BEHRENS,peCBe
 J. LAMBERT BELLEFROID,peBell
 BENDIX EDVARD [REUTZ] BENDIXEN,peBEB
 CHRISTINE MARIE f. Kahrs BENDIXEN,peCMBe
 GIUSEPPE BENEDETTINI,peGuB
 VICTORIA [MARIA] f. Bruzelius (pseud. Ernst Ahlgren) BENEDICTSSON,peVBe
 [JOSEF] OSCAR BENSOW,peOBen
 [CARL] OTTO [VALDEMAR] BENZON,peOBe
 CHRESTEN [POULSEN] (Christen) BERG,peChristen
 KAARLO [JOHAN] (Juhani) BERGBOM,peKBe
 ALFRED Freiherr von BERGER,peABer
 BERNHARD KONRAD BERGERSEN,peBKB
 JOHANNES BERGH,peJoBe
 [HAAKON] LUDVIG BERGH,peLB
 BRYNJULF [LARSEN] BERGSLIEN,peBrBer
 KNUD [LARSEN] BERGSLIEN,peKBer
 CLARA [MATHILDE HENRIETTE] BERGSØE,peCMHB
 JOHAN FREDERIK BERGSØE,peJFBerg
 [JØRGEN] VILHELM BERGSØE,peVB
 [JOHAN] CARL [ERNST] BERLING,peBJC
 [FREUND JAKOB] GOTTLOB BERNER,peGBe
 HAGBARD EMANUEL BERNER,peHEB
 BERNHARD,peBern
 CARL pseudonym for A.N. de Saint Aubain BERNHARD,peCaBe
 SARAH (eg. Rosine Bernhard) BERNHARDT,peSB
 THEODOR CHRISTIAN BERNHOFT,peTCB
 GIOVANNI LORENZO BERNINI,peGLB
 ELSA f. Porges (pseud. Ernst Rosmer) BERNSTEIN,peEBe
 MAX (MAXIMILIAN ERNST) BERNSTEIN,peMBe
 CARL BERTRAND,peCaB
 RAGNHILD BERVEN,peRaBe
 OTTOMAR BETA,peOBet
 MORTEN BEYER,peMBey
 GABRIELE VON BIBRA,peGvB
 JOHAN LAURITZ BIDENKAP,peJBiden
 HENNING JUNGHANS BIE,peHJB
 CHARLES DE BIGAULT DE CASANOVE,peCdBdC
 HJALMAR BIGLER,peHjBi
 CARL STEEN ANDERSEN BILLE,peCSAB
" LOUISE [MOGENSINE] f. Ipsen BILLE 
",peLoBi
 JUST [JOHAN] BING,peJBi
 SAMUEL (eg. Siegfried) BING,peSBi
" ELSE SOPHIE JENSDATTER BIRKEDALEN 
",peESJB
" HANS JACOB HENDRICHSSEN (Henriksen) BIRKEDALEN 
",peHJHB
 MARIE f. Bachke BIRKELAND,peMBi
 MICHAEL BIRKELAND,peMB
 HANS BIRKREM,peHBi
 OTTO [FÜRST] VON BISMARCK,peOvB
 [CHRISTIAN GOTTLIEB] VILHELM BISSEN,peCGVBi
 CARL ANTON BJERKNES,peCAB
 WALBORG MARIE BJØRN,peWMB
 BJØRN BJØRNSON,peBBj
 BJØRNSTJERNE [MARTINIUS] BJØRNSON,peBB
 DAGNY BJØRNSON,peDB
 EJNAR BJØRNSON,peEjBj
 ERLING BJØRNSON,peEBj
 INGEBORG [MATHILDE LAURA] f. Aas (Gina Oselio) BJØRNSON,peIAa
 KAROLINE f. Reimers BJØRNSON,peKBj
 PETER [ELIAS] BJØRNSON,pePBj
 AUGUST [THEODOR] BLANCHE,peABla
 PIETRO BLASÈRNA,pePiB
 MARIE BLEHR,peMBl
 OTTO [ALBERT] BLEHR,peOBlehr
 RANDI [MARIE] f. Nilsen BLEHR,peRBle
 [THOMAS LAURITZ CHRISTIAN] FREDERIK BLICH,peDrB
 JENNY [FREDERIKKE] f. Blicher BLICHER-CLAUSEN,peJBC
 ELIAS BLIX,peEBlix
 RAGNVALD BLIX,peRBlix
 CARL [HEINRICH] BLOCH,peCBl
 [HARALD] EMIL BLOCH,peEB
 WILLIAM [EDVARD] BLOCH,peWiB
 HANS ØRN BLOM,peHOB
 OSKAR BLUMENTHAL,peOBl
 JOHANN CASPAR BLUNTSCHLI,peJCBl
 AXEL [GUDBRAND] BLYTT,peABly
 JOHANNE ALIDA f. Blytt BLYTT (Blydt),peJABl
 PETER [MICHAEL] BLYTT (Blydt),pePB
 VALBORG BLYTT,peVBl
 GIROLAMO BOCCARDO,peGiBo
 [CÆSAR] HAKON BOECK,peCHB
 [INGEBORG] SOPHIE f. Meyer BOECK,peSBoe
 THORVALD [OLAF] BOECK,peTB
 ALEKSEJ PETROVITSJ BOGOLJUBOV,peAPB
 CAMILLO BOITO,peCBoi
 ERNST [SEVERIN JENS] BOJESEN,peEBo
 FREDERIK [ENGELHARDT] BOJSEN,peFEB
 JOHAN [CHRISTOFFER] BOKLUND,peJBo
 [ANDREAS] WILHELM BOLIN,peWB
 ANETTE [JØRGINE] f. Gether BOMHOFF,peABom
 KARL [GETHER] BOMHOFF,peKB
 [CAMILLA] MATHILDE f. Fridrichsen BOMHOFF,peMBom
 CLEMENS BONIFACIUS,peBoni
 CAMILLE BONNARD,peCBo
 LÉON [JOSEPH FLORENTIN] BONNAT,peLBo
 ALBERT BONNIER,peAB
" 
 BETTY f. Rubenson BONNIER",peBeBo
 MARIE VON BORCH,peMvB
 AXEL [JUELL] BORCHGREVINK,peABo
 BETTY [JULIE] f. Guldbrandsen BORCHSENIUS,peBBo
 OTTO [FREDERIK CHRISTIAN WILLIAM] BORCHSENIUS,peOB
 CARL [PETER] BORGAARD,peCPB
 PAUL BOTTEN-HANSEN,pePBH
" HANNA (Johanne Evine Karine Elisabeth) f. Sang BOTTEN-HANSEN 
",peJoBH
 [ANTOINE] AUGUST BOURNONVILLE,peAAB
 [ALBERT] EMIL BRACHVOGEL,peAEB
 OTTO (til 1884: Abrahamson) BRAHM,peOBr
 JOHANNES BRAHMS,peJoBr
 ASTRID BRANDES,peAsBr
 EDITH BRANDES,peEdBr
 [CARL] EDVARD [COHEN] BRANDES,peEBr
 EMILIE f. Bendix BRANDES,peEBra
 GEORG [MORRIS COHEN] BRANDES,peGB
 GERDA (Henriette) f. Steinhoff BRANDES,peGBr
 HARRIET f. Salomonsen BRANDES,peHBra
 [JOHANN PHILIPP] OTTO BRAUN,peOBrau
 ANNA f. Broili BRAUNWART,peAnBr
 LORENZ VON BRAUNWART,peLoBr
 ERNST BRAUSEWETTER,peEBrau
 JOHAN (Josva) BRAVO,peJB
 NIELS [ANDREAS] BREDAL,peNB
 FRIEDRICH BRESEMANN,peFBr
 CHRISTOFFER BRINCHMANN,peCBr
 ELISE f. Maschmann BRODTKORB,peElBr
 BERNHARD BRONS,peBBro
 HANS [AUGUST] BRONSART VON SCHELLENDORF,peHBvS
 INGEBORG f. Starck BRONSART VON SCHELLENDORF,peIBS
 TITO A. BRUCENI,peTAB
 MASSI (Masine Steinon) BRUHN,peMBr
" ALEXANDER BRUN 
",peAlB
 ANDREAS [JOHN] BRUN,peAJB
 HANS [SALVESEN] BRUN,peHBru
 JOHAN [CHRISTOPHER] BRUN,peJCBr
 JOHANNES [FINNE] BRUN,peJFB
" LOUISE [LARSINE] f. Guldbrandsen BRUN 
",peLoB
 MICHAEL WALLEM BRUN,peMWB
 JØRGEN BRUNCHORST,peJorBr
 GIORDANO BRUNO,peGBru
 CHRISTOPHER [ARNDT] BRUUN,peChBr
 CONSTANCE BRUUN,peCBruun
 FRANTZ [GOTTLIEB] BRUUN,peFrBru
 ALEKSANDER PAVLOVITSJ BRÜLOV,pePAB
 HANS LIEN BRÆKSTAD,peHLB
 ANTONIA [SOPHIE WILHELMINE] f. Scheel Siewers BRØGGER,peABr
 WALDEMAR CHRISTOFER BRØGGER,peWCB
" LEONTINE [WASILEOWNA] BUCH 
",peLeoB
 OLE JOHAN [SAMUEL] BUCHER,peOJB
 ROBERT BUCHHOLZ,peRB
" HANS [JOHNSEN] BUDAL 
",peHJBu
 KARL [LUDVIG TØRRISEN] BUGGE,peKLTB
 [ELSEUS] SOPHUS BUGGE,peSBu
 EMMERICH BUKOVICS VON KIS-ALACSKA,peEvB
 EDVARD [ISAK HAMBRO] BULL,peEBu
 FRANZ/FRANS BULL,peFBu
 GEORG ANDREAS BULL,peGAB
 OLE [BORNEMANN] BULL,peOBull
 MAX [EUGEN] BURCKHARD,peMEBu
 CHRISTIAN [EGE] BUSCH,peCEB
 HANNA [ANDRESEN] f. Døderlein (pseud. Helene Dickmar) BUTENSCHØN,peHAB
 HANS [GUIDO] VON BÜLOW,peHvB
 MARIO BUZZI,peMaBu
 GEORGE GORDON LORD BYRON,peLBy
 [SAMUEL] FREDERIK BÆTZMANN,peFB
 CARL [HENRIK] BØGH,peCBogh
 ERIK [NICOLAI] BØGH,peEBogh
 JOHAN [WALLACE HAGELSTEEN] BØGH,peJBogh
 VOLLERT [HILLE] BØGH,peVBogh
 GUDBRAND BØHN,peGBo
 WILHELM BÖLSCHE,peWilB
" 
 JOHN (Johan Laurentius Helenus) BÖRJESON 
",peJLHB
 HERMAN [BRUNCHORST] BAARS,peHB
 MARGRETHE ELISABETH f. Konow BAARS,peMEB
 GAIUS IULIUS CAESAR,peCas
 CAESARIUS fra Kappadokia,peCaes
 JACOB [MATHIAS] CALMEYER,peJCa
 [FREDERIK] ALBERT CAMMERMEYER,peAC
 JØRGEN WRIGHT CAPPELEN,peJWC
 SOFIE [LOUISE] CAPPELEN,peSC
 LUIGI CAPUANA,peLCa
 ALBERT CARRÉ,peACar
 [PHILIPP] MORITZ CARRIERE,peMCa
 [HANS] CARL [EMIL] CARSTENSEN,peCCar
" 
 CARL PAUL CASPARI",peCPC
 CATHARINA [MAGDALENA] f. Wahl CASPARI,peCMCas
 [CARL] THEODOR CASPARI,peTC
 RICCARDO (pseudonym for grev Giulio Pullè) CASTELVECCHIO,peRiC
 [PAULUS] HENRIK CAVLING,peHeCa
 FREDERIK [ADOLPH CHRISTENSEN] CETTI,peFrCe
 CHARLOTTE,peCharlotte
 CHARLES CHARRINGTON,peCCha
" 
 [VICTOR EUPHÉMION] PHILARÈTE CHASLES",pePhCh
 MICHEL CHEVALIER,peMiCh
 HJALMAR CHRISTENSEN,peHjCh
 CHRISTIAN 4.,peKongChr4
" CHRISTIAN 7. 
",peKongChr7
 CHRISTIAN 9.,peKongChr9
 [ARNE] EINAR CHRISTIANSEN,peEiChr
 EDVARD CHRISTIE,peEdCh
 KRISTINE [MARIE] f. Gotaas Kildal CHRISTIE,peKrC
 CHRISTIAN [EILERT RASCH] CHRISTOPHERSEN,peChCh
 WILHELM [CHRISTOPHER] CHRISTOPHERSEN,peWC
 LUDWIG CHRONEGK,peLChr
 IGNAZIO CIAMPI,peIgC
" MARCUS TULLIUS CICERO 
",peCic
 JULES (eg. Arsène Armand) CLARETIE,peJCl
" HENRIK NICOLAI CLAUSEN 
",peHNC
 CONRAD CLAUSON,peCCl
 LOUISA CLAUSON,peLC
 PAULA f. Nørregaard CLAUSON,pePCl
 KNUD ANNANIAS CLAUSSEN,peKAC
 GEORGES [BENJAMIN] CLEMENCEAU,peGBC
 [ADOLPHINE] MARIE f. Schmidt COLBAN,peAMC
 [JACOBINE] CAMILLA f. Wergeland COLLETT,peCC
 ROBERT COLLETT,peRoCo
 CHRISTEN [CHRISTIAN DREYER] COLLIN,peChCo
 EDVARD COLLIN,peEC
 JONAS [SIGISMUND] COLLIN,peJC
" [JEAN] EDMUND DE CONINCK 
",peEdC
 MARIE f. Ramlo CONRAD-RAMLO,peMRC
 GÉRARD DE CONTADES,peGdC
 CESARE CORRÈNTI,peCeCo
 THOMAS CORTES,peThCor
 KARL COSTENOBLE,peKCo
 MAURICE COTTIER,peMC
" 
 THOMAS CRAWFURD 
",peTCr
 FRANCESCO CRISPI,peFrC
" JENS [LARSEN] CRONBORG 
",peJLC
 MINKA CZÓBEL,peMvC
 DAHL,peDahl
 [GUSTAV ADOLPH] DOFFEN DAHL,peGAD
 ERICH CHRISTIAN DAHL,peECDa
" 
 JOHAN [ANTHON ABRAHAM FJELDSTED] DAHL",peJAAFD
" 
 JOHAN CHRISTIAN [CLAUSSEN] DAHL 
",peJCD
" JOHAN CHRISTIAN DAHL 
",peJCDa
" 
 D. DANCHERTSEN",peDD
 DANIEL CORNELIUS DANIELSSEN,peDCD
 CHRISTIAN [CONRAD SOPHUS] DANNESKIOLD-SAMSØE,peCCSDS
 DANTE ALIGHIERI,peDan
 ALFRED DARCEL,peADa
 FRITZ [LUDVIG] VON DARDEL,peDard
 RODOLPHE DARZENS,peRD
" 
 CHRISTIAN [GEORG] NATHAN DAVID",peCD
" 
 GEORGINE NICOLINE f. Bramsen DAVID",peGND
 LUDVIG [ERNST] DAVID,peLED
 JOHAN [GERHARD] DE BESCHE,peJdB
 OHAN (i Egypt: Habib Effendi eller Habib Bey) DEMIRGIAN,peDem
 OTTO DEVRIENT,peOtDe
" 
 AUGUST [CHRISTIAN HERMANN] TOM DIECK",peAtD
" 
 HONORIA [SOPHIE] DIETRICHSON",peHoDi
 LORENTZ [HENRIK SEGELCKE] DIETRICHSON,peLD
 [JOHANNE] MATHILDE f. Bonnevie DIETRICHSON,peJMD
 [ABRAHAM] SØREN [BØCKHMAN] DIETRICHSON,peSDi
 KATHARINA f. Püttmann DILTHEY,peKD
 WILHELM [CHRISTIAN LUDWIG] DILTHEY,peWD
 FRANZ [FERDINAND] (fra 1867: von; fra 1876: Freiherr von) DINGELSTEDT,peFvD
 CARL [FREDERIK] DIRIKS,peCFD
 BENJAMIN (fra 1876: earl of Beaconsfield) DISRAELI,peBDi
 [JØRGEN] ANDREAS DOLLERIS,peAD
 ALFRED [WILHELM] DOVE,peADo
 HOLGER [HENRIK HERHOLDT] DRACHMANN,peHD
 ADOLPH [LUDVIG] DREWSEN,peADrew
 ALFRED DREYFUS,peADr
 AXEL [CHARLOT] DROLSUM,peACD
 GENEVIÉVE f. Taine DUBOIS,peGeDu
 [LOUISE] PAUL DUBOIS,peLPDu
" 
 PAUL DUBOIS",pePDu
 CHRISTOPHER [LORENTZ] DUE,peCLD
 FREDERIK [GEORG KNUT] DUE,peFGKD
 LOUISE AUGUSTA f. Gude DUE,peLAD
 ALEXANDRE DUMAS D.Y.,peADum
 NIKOLAUS DUMBA,peND
" [CARL CHRISTIAN HENRIK] BERNHARD DUNKER 
",peBD
" 
 CONRADINE [BIRGITTE] f. Hansteen DUNKER",peCDu
 GIOVANNI DUPRÉ,peGDu
 BERTRAM DYBWAD,peBDy
 JACOB DYBWAD,peJDy
 JOHANNE f. Juell DYBWAD,peJoDy
 VILHELM DYBWAD,peVD
 AMALIE f. Unsrud (før sitt giftermål kjent som Amalie Jacobsen) DØVLE,peDov
" OLAF (f. Ole Rasmussen Olsen, navnet Døvle tatt i voksen alder etter morsgården i Stokke) DØVLE",peODov
" 
 LUDVIG KRISTENSEN DAA",peLKDaa
 PERNILLE [MARIE] f. Kobroe Daae DAA,pePMD
 ANNE [SOFIE] DAAE,peAnDa
 [JOHANNE] CHRISTIANE DAAE,peChDa
 JOHANNE [SIGVARDA] f. Koren DAAE,peJSD
" JONAS RAVN DAAE 
",peJRD
 LUDVIG DAAE,peLuDa
 LUDVIG LUDVIGSEN DAAE,peLDa
 JOACHIM EBBELL,peJEb
" CLARA (Marthe Clarine) g. Bie EBBELL 
",peCE
 JOSEPHINE [HORTENSIA NANCY ADELAIDE] ECKARDT,peJosE
 GUSTAF [ELIAS] EDGREN,peGEd
 ERIK [WILHELM] AF EDHOLM,peEaE
 [MARIE JOSEPH] AUGUSTE EHRHARD,peAEh
 LUDWIG [JULIUS] EISENBERG,peLE
 JAHN EKENÆS,peJEk
 JULIE f. Levi ELIAS,peJuEl
 JULIUS ELIAS,peJE
 AXEL [WILHELM JULIUS] ELMLUND,peAWJE
 CORNELIS KAREL ELOUT,peCKE
 KRISTIAN [MANDRUP] ELSTER,peKE
 EDUARD VON ENGERTH,peEvE
 ARMAND ÉPHRAÏM,peAE
" 
 WOLFGANG ERHARDT",peDrEr
 ANDREAS EMIL ERICHSEN/ERIKSEN,peAEE
 ERNST,peErnst
 KRISTIAN [SOPHUS AUGUST] ERSLEV,peKSAE
 [CARL] PETER [PARELIUS] ESSENDROP,peEssen
" (Blanche, f. baronesse Pereira, T. Ethofer og Mareo Ethofer) ETHOFER",peEt
 EUGÉNIE,peEug
 EUNAPIOS,peEun
" 
 OTTO [FREDERIK THEOBALD] EVENS",peOE
 HERMAN FREDERIK EWALD,peHFE
 [ADOLPH EDUARD] OTTO VON FABER DU FAUR,peOvF
 WILHELM VON FABER DU FAUR,peWvF
 WILHELM CHRISTIAN FABRITIUS,peWCFa
 ALMA [ISABELLA] f. Bosse FAHLSTRØM,peAlBo
 JOHAN [PETER BROUST] FAHLSTRØM,peJF
 CHRISTIAN [FREDERIK] FALBE,peCFF
 SØREN FALCH,peSFa
 FREDERIK FERDINAND FALKENSTJERNE,peFFF
 ADOLF FALKMAN,peAdF
 SEVERIN [GABRIEL] FALKMAN,peSFal
 [MORTEN] EDVARD FALLESEN,peEF
" 
 CONRAD FALSEN",peCF
 DOROTHEA [ELISABETH] f. Thoresen FALSEN,peDFa
 HENRIK ANTON FALSEN,peHAF
 MAGDALENA FALSEN,peMF
 GEORG [FREDERIK CHRISTOPHER] FASTING,peGFF
 ELLEN FAVORIN,peEFa
" 
 ANDREAS FAYE",peAFa
 THOMAS [NICOLAY] FEARNLEY,peTFe
 [FREDERIK LAURENTIUS] LORRY FEILBERG,peLFe
 [OLOF OTTO] URBAN VON (pseud. Robinson) FEILITZEN,peUvF
 LUIGI FERRI,peFeLu
 HEINRICH (Freiherr) VON FERSTEL,peHvF
 ZDENKO (Zdeněk) FIBICH,peZF
 [JOHAN] ANDREAS [NEERGAARD] FIBIGER,peAF
 FRIEDRICH FIEDLER,peFrFr
 JOHAN CHRISTIAN HENRIK FISCHER,peJCHF
 SAMUEL FISCHER,peSFi
 GUSTAV [CHRISTIAN JACOB PIERRE NESTOR] FISTAINE,peFist
 LAURA [MATHILDA BERNHARDINA] f. Runsten FITINGHOFF,peLFi
 [LAURA MATHILDA EDLA] ROSA FITINGHOFF,peRFi
 JAKOB/JACOB [HENRIK GERHARD] FJELDE,peJHGF
 [AXEL] WILHELM FLACH,peWF
" 
 OLE [HENRIKSEN] FLADAGER",peOF
 RICHARD FLEISCHER,peRF
" 
 CHRISTIAN [LUDVIG] FLOOR 
",peCLFl
 [CHRISTIAN] WILHELM FOGHT,peCWF
 FRANZ GRAF FOLLIOT DE CRENNEVILLE,peFGFdC
 CARL [ANDREAS] FOUGSTAD,peCFoug
 ERNST [MORITZ] FRANCKE,peEMF
 FRU VON FRANQUE,peFruF
 FREDERIK 7.,peKongF7
 FREDRIK VILHELM 1.,peFrV
 [JOHAN] GUSTAF FREDRIKSON,peGF
 ANNA f. Götzel FREYTAG,peAFr
 GUSTAV FREYTAG,peGFr
 FRIEDRICH FRIEDLÄNDER,peFF
" 
 CHRISTIAN [FREDERIK GOTFRIED] FRIELE",peCFGF
 HERMAN FRIELE,peHFri
 POVL [PETER JØRGEN] FRIIS,pePF
 JOHAN FRIMODT,peJFr
 HENRIETTE [MARIE CHRISTINA] f. von Cronberg FROMM,peHeFr
 LUDWIG [CARL MATTHIAS JOSEF] FREIHERR VON FROMM,peLvFr
 THEODOR [CHRISTIAN BRUN] FRØLICH,peThF
 IDA f. Theumer eller Theumann FULDA,peIFu
 LUDWIG [ANTON SALOMON] FULDA,peLF
 [JOHANN OTTO] LUDWIG GABILLON,peLGa
" GOTTLIEB ERNST CLAUSEN GAD 
",peGECG
" 
 LUDVIG HARALD GADE",peLHG
 NIELS WILHELM GADE,peNWG
 GALILEO GALILEI,peGGal
 GREGORY SERGEJEVITSJ GALITZIN,peGSG
 PIETRO GALLETTI,pePiGa
 LÉON GAMBETTA,peLeGa
" JOACHIM [CHRISTIAN] GAMBORG 
",peJCG
 HUGO GANZ,peHGa
 ARNE (Aadne) GARBORG,peAGa
" 
 GIUSEPPE GARIBALDI",peGGa
 FREDRIK [TORP] GARMANN,peFGa
 FRANZ LUDWIG GEHE,peFLG
 ANNA L. GEELMUYDEN,peALG
 GUSTAF AF GEIJERSTAM,peGaG
 (GUSTAV) GÖSTA AF GEIJERSTAM,peGoG
 [SOFIA EUGENIA HORTENCE] NENNIE f. Valenkamph GEIJERSTAM-VALENKAMPH,peNGV
 GEORG 2.,peGeorgII
 BERNHARD GETZ,peBeG
 CHRISTIAN [CHRISTOPHER] GIEBELHAUSEN,peCCG
 SIGNE (Georgine Juliane Flemmentine) f. Winsløw GIEBELHAUSEN,peSGi
 ARNE GIVERHOLT,peAG
 JOHAN [ANDREAS] GJEMS,peJAG
 AAGOT GJEMS,peAaG
 AUGUSTA f. Egeberg GJERTSEN,peAuG
 FREDRIK GJERTSEN,peFG
 HEINRICH GLÜCKSMANN,peHG
 ISAK [MOSES HARTVIG] GLÜCKSTADT,peIMHG
 JACOB GLØERSEN,peJGl
 [OLE] KRISTIAN GLØERSEN,peKG
 NANCY [VILHELMINE CATHARINA] f. van Kervel GLØERSEN,peNGl
 MARIUS GODSKESEN,peMGo
 JOHANN WOLFGANG VON GOETHE,peJWGo
 MEÏR [ARON] GOLDSCHMIDT,peMAG
 [LOUIS JEAN] EMMANUEL GONZALÉS,peEmGo
 [AUGUST HERMAN FERDINAND] CARL GOOS,peCGo
 EDMUND [WILLIAM] GOSSE,peEGo
 NELLIE (Ellen) f. Epps GOSSE,peEpps
 FRIEDERIKE GOSSMANN,peFGo
 RUDOLF [CARL VON] (pseud. Carl Rudolf) GOTTSCHALL,peRG
 JOHANN GEORG THEODOR GRAESSE,peJGTG
 FREDERIKKE [SEVERINE MATTHEA] f. Stabell GRAM,peFGr
 CHRISTEN [KNAGENHJELM] GRAN,peCKG
 FRANZ GRANDAUR,peFGran
 HENRIK JØRGEN GREENSTEEN,peHJGr
" GREGOR FRA NAZIANZ, kalt Teologen",peGreg
 JACK (Jacob) THOMAS GREIN,peJTG
 HUGO GREINZ,peHuG
 RICHARD GRELLING,peRiG
 EDVARD [HAGERUP] GRIEG,peEGr
 JOHN GRIEG,peJG
 NINA f. Hagerup GRIEG,peNG
 SIGNE GRIEG/GRIEG-MÜLLER,peSGM
 G.G. GRIMM,peGr
 KRISTIAN GRIMSGAARD,peKrGr
 GÜNTHER VON DER GROEBEN,peReGr
 monsieur GROS,peGro
 EMANUEL GROSSER,peEmGr
 MAX GRUBE,peMGr
 TONY GRUBHOFER,peTG
 LAURA f. Bloch GRUNDTVIG,peLGr
 NICOLAI FREDERIK SEVERIN GRUNDTVIG,peNFSGr
 CARL GRÆBE,peGrae
 AUGUST GRÖBNER,peAuGr
 LUDWIG GRÖBNER,peLuGr
 MARIE (Maria) GRÖBNER,peMarGr
 MAX GRÖBNER,peMaGr
 fru GRÖBNER,peGrob
 TONI (ANTONIA) GRÖBNER,peToGr
 [ANDREAS] FREDRIK [SCHROETER] GRØN,peAFG
 AGATHE [URSULA] BACKER GRØNDAHL,peABG
 OLAUS [ANDREAS] GRØNDAHL,peOAG
 [HANS] AIMAR [MOW] GRØNVOLD,peAGro
 AUGUSTA GRØNVOLD,peAugG
 BERNT [BORCHGREVINK] GRØNVOLD,peBG
 DIDRIK [HEGERMANN] GRØNVOLD,peDG
 HEDWIG f. Hermann GRØNVOLD,peHGr
 MARCUS [FREDRIK STEEN] GRØNVOLD,peMG
 MINKA (Hermine) f. Hermann GRØNVOLD,peHHermann
 HANS [FREDRIK] GUDE,peHaGu
 NILS GUDE,peNGu
 CATO [MAXIMILIAN] GULDBERG,peCGu
 GUSTAV [ADOLF] GULDBERG,peGAG
 BIRGITTE [CORNELIA] GULDBRANDSEN,peBGu
 JENS CHR. GUNDERSEN,peJCGun
 LAURA [SOFIE COUCHERON] f. Svendsen GUNDERSEN,peLG
 SIGVARD [EMIL] GUNDERSEN,peSG
" 
 HANS GUNDORPH",peHGu
 [JOHAN] GUSTAF GUSTAFSSON,peGG
" 
 GUSTAV 2. ADOLF",peGuA
" 
 GUSTAV 3.",peKongG3
" 
 NIELS HENRIKSSØN til Austråt GYLDENLØVE",peNHG
 PER (Peder) GYNT,pePGy
 eg.: Publius Aelius Hadrianus HADRIAN,peHad
 [JOHAN FREDRIK] WILHELM HAFFNER,peWiHa
 [PETER ANTON] ALFRED HAGE,pePAAH
 [EDVARD PHILIP] HOTHER HAGE,peEPHH
 [FREDRIK] CHRISTIAN HAGEMANN,peCHa
 [GEORG] FRANCIS HAGERUP,peFHag
 HANS HAGERUP,peHHag
 AGATHA HAGGENMÜLLER,peAHag
" CARL CHRISTIAN HALL 
",peCCH
 CARL [BRUNNELL] HALS,peCaHa
 KARL [MARIUS ANTON JOHAN] HALS,peKH
 PETTER [MARTIN EMIL NILSON] HALS,peMPH
 SIGURD HALS,peSiHa
 JENS BRAAGE HALVORSEN,peJBH
 OLAF [CHRISTOPHERSEN] HALVORSEN,peOH
 GUSTAF [AXEL KNUT] HAMILTON,peGAKH
 CHRISTIAN [MONSEN] HAMMER,peCH
 [ABRAHAM CHRISTIAN] HJALMAR [FRITHJOF] HAMMER,peHFHa
" 
 MARTIN [JOHANNES] HAMMERICH",peMJH
 OLE [LARSEN] HAMMERSTAD,peOLH
 [FRÉDÉRIC ADOLPHE] AUGUSTIN HAMON,peAHamo
 PEDER HANEVOLD,pePHane
 EMMA HANSCH,peEmHa
 NATALIE HANSCH,peNaHa
 ASA [CATHARINA] f. Ekman HANSEN,peAHan
 CARL [ANDREAS] HANSEN,peCAH
 frøken HANSEN,peHansen
 GERHARD [HENRIK] ARMAUER HANSEN,peGAH
 HARALD [FREDRIK] HANSEN,peHHa
 JOHAN [DANIEL] IRGENS HANSEN,peJDIH
 LARS HANSEN,peLH
 [HANS CHRISTIAN] PETER HANSEN,pePHa
 PETER EMMANUEL/PJOTR GOTFRIDOVITSJ HANSEN,pePEH
 THEOPHILUS [EDVARD] HANSEN,peTHa
 KLAUS HANSSEN,peKlHa
 CHRISTIAN RASMUS HANSSON,peCRH
 OLAF [MØRCH] HANSSON,peOHa
" 
 CHRISTOPHER HANSTEEN",peHanst
 THORA HANSTEEN,peTHan
 HARALD 1. HÅRFAGRE,peHHfag
 BENJAMIN HARRISON,peBHa
 GUSTAV [LUDVIG THEODOR] HARTMANN,peGH
 JOHAN PETER EMILIUS HARTMANN,peJPEH
 ANTON HASENKNOPF,peAHas
 LINA (Caroline Beate) f. Ziesler HASSELMANN,peCBH
" [JOHANNES] CARSTEN HAUCH 
",peCHau
 VILHELM CHRISTIAN HOLGER HAUCH,peVCHH
 SALVE ASLAKSEN HAUGLAND,peSaAH
 GERHART [JOHANN ROBERT] HAUPTMANN,peGHa
 ANNA HAVERLAND,peAHav
 ARTUR [IMMANUEL] HAZELIUS,peAHa
 SIGNE [AMANDA GEORGINA] HEBBE,peSH
 FRANS [THEODOR] HEDBERG,peFraH
 [SVEN] ADOLF HEDIN,peSAHe
 HENRIK HEDLUND,peHHed
 SVEN ADOLF HEDLUND,peSAH
 [POUL] SOPHUS [VILHELM] HEEGAARD,peSHe
 CLARA HEESE,peClHe
 JOHAN KRISTOFFER STØREN HEFFERMEHL,peJKSH
 THOMAS [JOHANNESSEN] HEFTYE,peTH
 ELISABETH [JULIA] HEGEL,peEBag
 [NIELS] FREDERIK VILHELM HEGEL,peFH
 GEORG WILHELM FRIEDRICH HEGEL,peGWFHe
 JACOB [DEICHMANN FREDERIK] HEGEL,peJH
 JULIE [LOUISE FREDERIKKE] f. Bagge HEGEL,peJLFH
 JOHAN [HENRIK] HEGERMANN-LINDENCRONE,peJHHL
 AXEL HEIBERG,peAHe
 DIDI (Hansine Didriche) f. Tollefsen HEIBERG,peDiHe
 GUNNAR [EDVARD RODE] HEIBERG,peGHe
 HJALMAR HEIBERG,peHjH
 JOHAN LUDVIG HEIBERG,peJLHe
 JOHANNE LUISE f. Pätges HEIBERG,peJLH
 THORVALD EMIL BING HEIBERG,peTEBH
 HEINRICH HEINE,peHHe
 WILLIAM HEINEMANN,peWHei
 PETER [ARNOLD] HEISE,pePHe
" 
 VILLE (Vilhelmine) f. Hage HEISE",peVHei
 HELENE FREIFRAU VON (til 1873: Ellen Franz) HELDBURG,peEFra
 HELENE,peHel
 frøken HELFERICH,pefrkHel
 HELGA HELGESEN,peHHel
" 
 AUGUST [EMILIUS] HELLESEN",peAEH
 HENRIK MIKAEL HELLIESEN,peHMH
" 
 SVENN HENRIK HELMS",peHelm
 [FREDERIK] ALBERT HELSENGREEN,peAFH
 AXEL [THEOPHILUS] HELSTED,peATHe
 HENRIK [ANTON SCHIØTT] HELTBERG,peHelt
 [HANS] FRIEDRICH (etter 1864: FREDERIK) HELVEG,peHFH
 BETTY [MATHILDE] f. Schnell HENNINGS,peBH
 HENRIK [JACOB CHRISTIAN AMALIUS OTTO] HENNINGS,peHH
 CARL [CHRISTIAN] HENRIKSEN,peCHe
 AUGUST HERRAMB,peAugH
 PAUL HERRMANN,pePaHe
 HENRIK [HEYMAN] HERTZ,peHHer
 WILHELM [CARL HEINRICH] HERTZ,peWH
 EBBE [CARSTEN HORNEMAN] HERTZBERG,peEHer
 NILS [CHRISTIAN EGEDE] HERTZBERG,peNHer
 NILS OTTO HESSELBERG,peNOH
 THOMAS [RIST] HESSELBERG,peTRH
" 
 OLE [THEOPHILUS] HESTENÆS",peOHe
 BERTRAND [EUGEN] HEYERDAHL,peBEH
 [JOHAN] HENRY [VAN KERVEL] HEYERDAHL,peHeHe
 ANNA f. Schubart HEYSE,peASchu
 PAUL HEYSE,pePHey
 JACOB HILDITCH,peJaHi
 [CARL WILHELM] EMIL HILLBERG,peEHi
 HANS RUDOLF HIORT-LORENZEN,peHRHL
 CHRISTIAN WORM [SOMMERSCHILD] HIRSCH,peCWH
 GEORG HIRSCHFELD,peGHi
 RAGNVALD [AMANDUS PEDERSEN] HJERLOW,peRH
 JOHAN HJORT,peJHj
 JOHAN [STORM AUBERT] HJORT,peJSAH
 PEDER HJORT,pePHj
 CARL [FREDRIK LOTHARIUS] HOCHSCHILD,peCFH
 KLAUS [NORD] HOEL,peKHo
 ADOLPHE HOFFMANN,peAH
 [HEINRICH BERNHARD MARTIN] JOHANNES HOFFMANN,peJHof
" 
 THOMAS [SEVERIN HEIBERG] HOFFMANN",peTSHH
 [JOHAN PETER] JULIUS HOFFORY,peJHo
 HENRIETTE HOFGAARD,peHHo
 SIMON [WRIGHT] HOFGAARD,peSWH
 PAUL HOHLFELD,pePH
 LORENTZ HOLAN,peLHol
 LUDVIG HOLBERG,peLuH
 ELISE (Elisabeth Wilhelmine) HOLCK,peEHol
 MARTIN KIRKGAARD HOLFELDT,peMKH
 HARALD [EMIL LARSENIUS] HOLM,peHELH
 OLAF [ANDREAS] HOLM,peOAH
 HANS HOLMBOE,peHHolm
 JOHAN HOLM-HANSEN,peJHH
 CHRISTIAN HOLST,peCHo
 ELLING [BOLT] HOLST,peEHo
 HARALD HOLST,peHHol
 JACOB HOLST,peJaHo
 LARS [KRISTIAN] HOLST,peLHo
" RIKKE (Henrikke) HOLST/TRESSELT 
",peRHo
 [IVER] ANDREAS WILHELM [MARINUS] HOLTER,peIAWMH
 IVER [ANDREAS FREDRIK] HOLTER,peIAFH
 [THORVALD] WALDEMAR HOLTERMANN,peTWH
 [JOACHIM WILHELM] FRANZ [PHILIPP] VON HOLTZENDORFF,peFvH
 HOMER,peHom
 CORNELIS HONIGH,peCHon
 WILLIAM [JOHANNES] HONUM,peWJH
" HANS (eg. Mayer, fra 1888: Ritter von Hopfen) HOPFEN",peHRvH
 MARY f. Müller-Milton HOPFEN,peMaHo
 [JOHAN] FERDINAND HOPPE,peJFH
 HORATS (Quintus Horatius Flaccus),peHor
 CHRISTIAN FREDERIK EMIL HORNEMAN,peCEH
 [JENS] CHRISTIAN HOSTRUP,peJCH
 DAGNY HOSTRUP,peDH
 [CHRISTIANE GEORGINE] ELISABETH f. Hauch HOSTRUP,peElHo
 BENEDICTE JOCHUMINE f. Moe HUNDEVADT,peBJH
 [FREDRIK] WALDEMAR HVOSLEF,peFHv
 ELISE (Ebba Charlotta Elisa) f. Jacobson HWASSER,peElHw
 GUNNAR OLOF HYLTÉN-CAVALLIUS,peGOHC
 FREDERIK [LUDVIG] HØEDT,peFLH
 [SVENNIK] ANTON HØYER,peAHoy
 HARALD HÖFFDING,peHHof
 SOFUS [MAGDALUS] HØGSBRO,peSoH
 KARL ALBRECHT HÖLBE,peKAH
 VIGGO [LAURITS BENTHEIM] HØRUP,peVH
 PETTER HÅKONSEN,pePeHa
 BERGLIOT f. Bjørnson IBSEN,peBI
 JOHAN ANDREAS ALTENBURG IBSEN,peJAAI
 KNUD [PLESNER] IBSEN,peKPI
 MARICHEN [CORNELIA MARTINE] f. Altenburg IBSEN,peMI
 OLE PAUS IBSEN,peOPI
 SIGURD IBSEN,peSiI
 SUSANNA/SUZANNAH f. Daae Thoresen IBSEN,peSuI
 TANCRED IBSEN,peTanc
 CASPAR RUDOLF VON IHERING,peCRvI
 ANDERS ISACHSEN,peAIs
 ANDREAS [HORNBECK] ISACHSEN,peAI
 JANNY f. Grip ISACHSEN,peJI
 ISMAIL,peIsP
 JULIUS IVERSEN,peJuI
 JACOBSEN,peJac
 CARL [CHRISTIAN HILMANN] JACOBSEN,peCCHJ
 JENS PETER JACOBSEN,peJPJ
 [HAGBARTH] JULIUS JACOBSEN,peJJa
 LINA (Olevine) JAKOBSEN,peLJa
 LOUIS/LUDWIG JACOBY,peLJac
 KRISTOFER [NAGEL] JANSON,peCNJ
 KARL JENKE,peCJ
 GUSTAV [MARGERTH] JENSEN,peGJe
 HANS JACOB JENSEN,peHJJ
 ANTON JENSSEN,peAJe
 HOLGER [HVIDTFELDT] JERICHAU,peHHJ
 JOHANN,peKongJoh
 JOHANNE JOHANNESDATTER,peJJo
 ADELAIDE JOHANNESEN,peAJo
 CARL JOHANNESEN,peCJoh
 N. JOHANSEN,peJoh
 JOSEFINE JOHNSEN,peJJos
 LAURA ANETTE ROSENKRANTZ f. Berg JOHNSEN,peLAJ
 [JOSEPH FRANTZ] OSCAR JOHNSEN,peJFOJ
 PETER [MARCUS GJØE] ROSENKRANTZ JOHNSEN,pePRJ
 ANDREAS JOHNSSON,peAJoh
 MOR VON JÓKAI,peMvJ
 EMIL [JAKOB] JONAS,peEJ
" JONGHE DARDOYE, VICOMTE DE",peJong
 ERNST [ABRAHAM] JOSEPHSON,peEJo
 LUDVIG [OSCAR] JOSEPHSON,peLJ
 JAMES [AUGUSTINE ALOYSIUS] JOYCE,peJaJ
 ERNA [EMILIE LOUISE] f. Drachmann JUEL-HANSEN,peEJH
 JOHANNE [REGINE] f. Elvig JUELL (senere: JUELL REIMERS),peJRJ
 CARL [MATHIAS] JUHLIN-DANNFELT,peCMJD
" JULIAN (Flavius Claudius Julianus), av de kristne kalt APOSTATA (den frafalne)",peJu
 HANS [HENRIK] JÆGER,peHJa
 HENRIK [BERNHARD] JÆGER,peHeJa
 [MARIE] LOUISE f. Holstad JÆGER,peMLJa
 CHRISTIAN [LUDVIG] JØRGENSEN,peCLJ
 SILLE (Cecilie Marie) f. Gade JØRGENSEN,peCMJorg
 SØREN [PEDERSEN] JAABÆK,peSJaa
 EDUARD MICHAEL (pseud. Siegwin Freimuth) KAFKA,peEMK
 JOSEF KAINZ,peJKa
 ESTRID [ARVIDSDOTTER] f. Ribbing KALLING,peEAK
" 
 KAMBYSES",peKam
 MARY [LOUISE] f. Smith KARADJA,peKar
 BOŽIDAR KARADJORDJEVIĆ,peBKa
" 
 KARL 12.",peKongK12
 KARL 15. (KARL 4.),peKongK4
" 
 CARL [FREIHERR VON] KASKEL",peCKas
 HERMAN [FREDERIK CAREL] TEN KATE,peHtK
 LUISE f. Helfft KAUFFMANN,peLKa
 MAX KAUFFMANN,peKauf
" [CARL] RICHARD [JOHANNES] KAUFMANN 
",peRK
 ELLEN [KAROLINA SOFIA] KEY,peEKe
 GUSTAF [EMIL] KEY,peGKe
 LAURA [ANNA SOPHIE MÜLLER] f. Petersen KIELER,peLK
 VICTOR [THOMAS JOACHIM] KIELER,peVKi
 ALEXANDER LANGE KIELLAND,peAKie
 JACOB KIELLAND,peJKi
 KITTY (Christine Lange) KIELLAND,peKK
 [PASCAL MICHAEL] POUL [EGEDE] KIERKEGAARD,pePK
 SØREN [AABYE] KIERKEGAARD,peSKi
 [OTTO] RICHARD KIERULF,peORK
 JULIE [LOVISE] KIERULFF,peJvK
 BIRGER KILDAL,peBKil
 HANS ERNST KINCK,peHEK
 WOLFGANG KIRCHBACH,peWoKi
 THEODOR [SEVERIN] KITTELSEN,peTKi
 NILS [BERTHINIUS] KITTILSEN,peNK
 BERNHARD [THEODOR] KJEKSTAD,peBKj
 [JOHANNES] FRITHJOF KJELLBERG,peJFK
 [MARIE] AGNES [CHRISTIANE] f. Anker KJERULF,peAKj
 HALFDAN KJERULF,peHKj
 THEODOR KJERULF,peThK
 HENRIK [KRISTEN JOHAN] KLAUSEN (Clausen),peHeKl
 JOHANNES [BENEDICTUS] KLINGENBERG,peJBK
 EMMA KLINGENFELD,peEK
 ANTON [HIERONYMUS FRITZSCHE] KLUBIEN [klubin],peAK
 LUDWIG KNAUS,peLKn
 KARL GUSTAV ADOLF KNIES,peKGAK
 [ERIC] OSCAR VON KNORRING,peOvK
 DAVID FAYE KNUDSEN,peDFK
 KNUD KNUDSEN,peKKn
 FREDERIK GOTSCHALK KNUDTZON,peFGK
 MAX KOCH,peMK
 RICHERT VOGT VON KOCH,peRvonK
" 
 KARL [VON] KOLB",peKvK
 STEN KONOW,peStK
 WOLLERT (S.B.) KONOW,peWoKo
 KONRÁÐ GÍSLASON,peKGi
 JACOB BLAAUW KOOTER,peJKoo
 JOSEPH VON KOPF,peJvKo
 MARTHA KOPF,peMKo
 HUGO KOSTERKA,peHKo
 THOMAS [PETER] KRAG,peTPK
 VILHELM [ANDREAS WEXELS] KRAG,peVK
 FRITZ (Friedrich) KRASTEL,peFKr
 herr (muligens Kraußneck) KRAUSENECK,peKraus
 ANNA MARGRETHE f. Borch KREBS,peAMK
 FREDERIK CHRISTIAN KREBS,peFCK
 JOHANNE [CATHRINE] KREBS,peJK
 MARIE [MARGARETHUS] KREUKNIET,peMMK
 ANDREAS FREDERIK KRIEGER,peAFK
 BJØRN KRISTENSEN,peBK
 KRISTEN [NIKOLAI] KRISTENSEN,peKrKr
 JENS PETER KRISTENSEN-RANDERS,peJPKR
 NANNA f. Berg KRISTENSEN-RANDERS,peNaBe
 KRISTUS,peKri
 CONRAD KROEPELIEN,peCoKr
 GINA [SVERDRUP] KROG,peGiKr
 [BERNHARD] WILHELM [GUSTAV VON] KROGH,peKrogh
 CHRISTIAN KROHG,peCK
" 
 GEORG [ANTON] KROHG",peGAK
 GEORG [HERMAN] KROHN,peGHK
" 
 PIETRO [KØBKE] KROHN",pePKK
 SOPHIE f. Cappelen KROHN,peSK
 [JOHAN] JULIUS [FERDINAND] KRONBERG,peJKr
 PAULINE KRONBERG,pePaAW
 AXEL [JOHAN ERIK] KROOK,peAxK
 CARL KUNDMAN,peCKu
 JAKOB KURZ,peJKu
" 
 LEONARD LABATT",peLeLa
 LA COUR,peCo
" 
 JANUS [ANDREAS BARTHOLIN] LA COUR",peJCo
" 
 ALPHONSE DE LAMARTINE",peAlLa
 MORTEN [DIDERIK EMIL] LAMBRECHTS,peMDEL
 THORVALD [AMUND] LAMMERS,peTAL
 CONRAD LANDEGREN,peCoLa
" 
 MAGNUS [BROSTRUP] LANDSTAD",peMaLa
 CHRISTIAN CHRISTOPH ANDREAS LANGE,peCLa
 INA [BLENDA AUGUSTA] f. Forstén LANGE,peInL
" 
 JULIUS [HENRIK] LANGE",peJHL
 SVEN LANGE,peSvLa
 WILHELM LANGE,peWL
 PETER ERASMUS LANGE-MÜLLER,pePELM
 ALBERT LANGEN,peALan
 [KNUD] CHRISTIAN LANGAARD,peKCL
 JOHANN TRAUGOTT LANZKY,peLanz
 ROSA LANZLOTT,peRoL
 SOPHUS [EDMÉ CONRAD] LARPENT,peSLa
 ADOLPH LARRONGE,peAdoL
 LARSEN,peLar
" 
 ANTON [LAURENTIUS] LARSEN",peAnL
 AUGUST [GOTTLIEB] LARSEN,peAuLa
 EDVARD/EDWARD LARSEN/LARSSEN,peEdLa
 HERTHA [VILHELMINE PETREA THEODORA] f. Christensen LARSEN,peHeLa
 KARL [HALFDAN EDUARD] LARSEN,peKL
 MIMI (Mathilde Minona Marie) f. Schwartzkopf LARSEN,peMiL
 NIELS JAKOB LARSEN,peNJL
 FERDINAND LASSALLE,peFLas
 HARTVIG [MARCUS] LASSEN,peHL
 HEINRICH LAUBE,peHLa
 SIGMUND LAUTENBURG,peSL
 DORE (Dorotheus Olivarius) LAVIK,peDL
 WILLIAM M. LAWRENCE,peWML
 BÉLA LÁZÁR,peBL
 MORITZ LAZARUS,peMLaz
 MARION LEA,peMLea
 ANNE CHARLOTTE (Anna Charlotta Gustava) [EDGREN] LEFFLER,peACEL
 [PETER MARTIN] ORLA LEHMANN,pePMOL
 [FRANÇOIS ÉLIE] JULES LEMAÎTRE,peJuLe
 LOUIS SÉBASTIEN LE NAIN DE TILLEMONT,peLST
 REINHOLD LEPSIUS,peRLe
 CHRISTIAN ALBRECHT [GREV] LERCHE,peCALe
 MIKHAIL [JURJEVITSJ] LERMONTOV,peMJL
 THEODOR LESCHETIZKY,peTLe
 MAX LESSER,peMLe
 GOTTHOLD EPHRAIM LESSING,peGEL
 OSCAR [IVAR] LEVERTIN,peOL
 LEVI,peLevi
 HERMANN LEVI,peHLe
 GEORGE HENRY LEWES,peGHL
 JOSEF LEWINSKY,peJLe
 CARL [LUDVIG] LIE,peCLL
 ELISABETH LIE,peElLie
 ERIK [RØRING MØINICHEN] LIE,peELie
 JOHANNE [ELEONORE] (Lubben) f. Vogt LIE,peJEL
 JONAS [LAURITZ IDEMIL] LIE,peJLi
 MARIE [BIRGITTE] f. Thaulow LIE,peMBL
 MARY [HELENE] LIE,peMaLie
 MICHAEL STRØM LIE,peMiLi
 MONS LIE,peMLi
 [MARIUS] SOPHUS LIE,peMSL
 THOMASINE [HENRIETTE] f. Lie LIE,peTHL
 FREDERIK LUDVIG LIEBENBERG,peFLL
 JENS [DANIEL CAROLUS] LIEBLEIN,peJDCL
 HEDEVALL [ORDING] LIEUNGH [lyng],peHeL
" POUL [DOROTHEUS WINTHER] LIEUNGH [lyng] 
",pePL
 ELSA LILLIEHÖÖK,peELil
 ERIC BERTILSON LILLIEHÖÖK,peEBL
 CARL ABRAHAM LIMNELL,peCAL
 [CATHARINA] FREDRIKA f. Forssberg LIMNELL,peFL
 LINA,peLin
 PAUL LINDAU,pePLi
 [JOHAN] AUGUST LINDBERG,peAL
 AUGUSTA [WILHELMINA] f. Blomstedt LINDBERG,peAWLin
 JACOB [ALBERT] LINDBOE,peJaL
" ANDREAS [CONRAD PUTSCHER] LINDE 
",peALi
 TH. LINDENLAUB,peTLin
 [KARL] GUSTAF [OSKAR EUGEN] LINDQVIST,peGL
 [FRANS] THEODOR LINDSTRAND,peTL
 EMMA f. Qvist LINDSTRÖM,peELin
 HERMANN LINGG,peHLi
 ANTON LINSMAYER,peALin
 NINA f. Hoffmann LIPINER,peNiLi
 SIEGFRIED LIPINER,peSiLi
 JAKOB VON DER LIPPE,peJvdL
" 
 ANDREAS LAURITZ CARL LISTOV",peALCL
 EDMUND [ADOLF JOHANNES] LOBEDANZ,peEL
 [ERNST] FERDINAND LOCHMANN,peEFL
 HERMANN LOESCHER,peHLo
 CHRISTIAN [JENSEN] LOFTHUS,peCL
 JOHAN [DAVID] LORANGE,peJL
 ANATOLE LORENTZANI,peALo
 AUG. LORENZ,peAuLor
 [JOHAN] LUDVIG LOSTING,peLost
 JOHAN LOTHE,peJoL
 ASTRID LOUS,peAsL
 LOVISA (Louise Vilhelmina Fredrika Alexandra Anna),peLov
 LOVISA (Louise Josefina Eugenia),peLovi
 ALOIS N. LUCEK,peANL
" 
 LUDVIG 2.",peLu2
 KAJ LUDVIGSEN,peKaLu
 SARA f. Thoresen LUDVIGSEN,peSaLu
 VALDEMAR LUDVIGSEN,peWaL
 AURÉLIEN [FRANÇOIS] MARIE LUGNÉ-POË,peAMLP
 ALBERT MARINIUS LUND,peALu
" 
 CARL CORNELIUS [CLARIN] LUND",peCCL
 FREDRIK STANG LUND,peFSL
 JOHN [THEODOR] LUND,peJLu
 [JOHAN] LUDVIG [MICHAEL] LUND,peLL
 MARIUS LUND,peMLu
 NILS LUND,peNL
 SIGNE LUND,peSLu
 [ELISE] ULRIKKE f. Wibye LUND,peUL
 [JOHAN] LORENTZ [ALEXANDER] LUNDGREN,peJLAL
 CHRISTOPHER [ANKER BERG] LUNDH,peABL
 MARTIN LUTHER,peMLut
 MIKAEL LYBECK,peML
 MARIE LYCHE,peMLy
 [GEORG] VILHELM LYNG,peVL
" OLAUS KRABBE LYSHOLM 
",peOKL
 GUSTAV LÆRUM,peGLa
 ARNE LØCHEN,peArLo
 HERMANN VON LÖHNER,peHvL
 JAKOB [OLAUS] LØKKE,peJLo
 [INGER] MARIE [BIRGITTE] f. Hald LØKKE,peMLo
 SØREN [BLOCH] LAACHE,peSoL
 HERMAN LAADING,peHLaa
 P. AAGE MADSEN,pePMa
 JOHAN NICOLAI MADVIG,peJNMad
 CHRISTEN [DAAE] MAGELSSEN,peCDM
 CHRISTIANE [FREDRIKKE] MAGELSSEN,peCFDM
 [ADELE] ELVIRA f. Salandri MAGELSSEN,peEMag
 THORBJØRN LECHVE MAGELSSEN,peTLM
 BETSY [WILHELMINE ANDREA MARIE] f. Cappelen MALLING,peBMa
 PETER TIDEMAND MALLING,pePTM
 [JOHAN] AUGUST MALMSTRÖM,peJAM
 [CHRISTOFFER RUTGER] LUDVIG MANDERSTRÖM,peCRLM
 MIKKEL MANDT,peMM
 KRISTIAN [ANDREAS LEOPOLD] MANTZIUS,peKALM
 MAPPES,peAMa
 CESARE MARIANI,peCMar
 HEDVIG [THERESIA FRANCISCA] f. Sonnleithner MARIBO,peHMa
 WILHELM [ADELSTEN] MARIBO,peWAM
 AUGUSTE FERDINAND FRANÇOIS MARIETTE,peMaBe
 MARKOS,peMark
 MARKUS,peMarkus
 ELISABETH f. Sangalli (pseud. Sankt Galli) MARR,peElMa
 HEINRICH MARR,peHeMa
 HANS [LASSEN] MARTENSEN,peHLMa
" CATHRINE g. Grefseng MARTINI 
",peCM
" BENNY (f. 1864, d. etter 1940), OTILIA (18661955) og THEA (Theodora) (18681947) MATTHIESSEN",peFrkM
 KONRAD [VON] MAURER,peKM
 LUDWIG MAURER,peLM
 VALERIE f. Faulhaber MAURER,peVM
 CHÉRI (eg. Charles Schwartzenberger) MAURICE,peChMa
 MAXIMOS FRA EFESOS,peMaxi
 ANDREAS (pseud. Richard Franke) MAY,peAnMa
 JACOB MAYSON,peJMay
 ALFREDO MAZZA,peAM
 JOHN RAMSAY MCULLOCH/MAC CULLOCH,peJRMC
 SOFIE (Anna Sophie) f. Thoresen MEGRUND,peASM
 [HANS] CONRAD [THORESEN] MEGRUND,peCMe
 DITMAR MEIDELL,peDiM
 HJALMAR [SIGVARD] MEIDELL,peHMe
 SIMON [SØRENSEN] MEISLING,peSMe
 [JEAN LOUIS] ERNEST MEISSONNIER,peEMe
 PETER GABRIEL MEISTERLIN,peGPM
 ERNST [LUDWIG FILIP] MEYER,peEM
 SOPHUS [AUGUST BERTHEL] MICHAËLIS,peSM
 MICHELANGELO BUONAROTTI,peBMi
 HARRIET [TAYLOR] f. Hardy MILL,peHTM
 JOHN STUART MILL,peSMi
 MINA,peMin
 HEINRICH MINDEN,peHeMi
 [MAGNUS GUSTAF] GÖSTA MITTAG-LEFFLER,peGML
 SIGNE [EMILIA JULIA] f. Lindfors MITTAG-LEFFLER,peSML
 FRIEDRICH MITTERWURZER,peFM
 PAUL MOCHMANN,pePM
 HELENA (Jadwiga) f. Opid MODRZEJEWSKA/MODJESKA,peHMod
 ABRAHAMA [BØCKMANN] f. Thiis MOE,peAMo
 JØRGEN [ENGEBRETSEN] MOE,peJMoe
 [INGEBRET] MOLTKE MOE,peMoM
 HENRIK MOHN,peHMo
 WILHELM MOHR,peWMo
 [JOHAN] HARALD MOLANDER,peHM
 CHRISTIAN KNUD FREDERIK MOLBECH,peCKFM
 frøken MOLBECH,peFrkMol
 MATHILDE f. Krabbe MOLBECH,peMMo
 HELMUTH [CARL BERNHARD GRAF] VON MOLTKE,peHCBM
 [CHRISTIAN MATHIAS] THEODOR MOMMSEN,peTMom
 DITLEV GOTHARDT MONRAD,peDGMo
 MARCUS [JACOB] MONRAD,peMaMo
 ENRICO MONTECORBOLI,peEnMo
 CHRISTIAN MORGENSTERN,peCMo
 BREDO [HENRIK VON MUNTHE AF] MORGENSTIERNE,peBM
 OVE MOSSIN,peOM
 ERNST MOTZFELDT,peEMo
 OTTO VALDEMAR MOURIER,peOVM
 MOUTHON,peMou
 OLE ANDREAS MOXNESS,peOAM
 [ANNA MARIE] AMALIE f. Raben MUNCH,peAMu
 ANDREAS MUNCH,peAnM
 PETER ANDREAS MUNCH,pePAM
 AXEL [MARTIN FREDRIK] MUNTHE,peAMun
 GERHARD [PETER FRANTZ WILHELM] MUNTHE,peGM
 ALFRED de MUSSET,peAdM
 CHRISTOPHER ANDREAS MYHLENPHORT,peCAM
 MARIE f. Ebbell MYHLENPHORT,peMMy
 MARIE LOUISE MYHLENPHORT,peMLMy
 CARL [ARNOLDUS] MÜLLER,peCaMu
 HILDUR [HEGERMANN] f. Prahl MÜLLER,peHHMu
 LUDVIG [AUGUST] MÜLLER,peLuM
 CONSTANCE f. Aus'm Weerth MÜLLER,peCoM
 MORTEN MÜLLER,peMorM
 OTTO [THOTT FRITZNER] MÜLLER,peOTFM
 SOPHUS [OTTO] MÜLLER,peSOM
 TOBIAS [ALEXANDER] MÜLLER,peTM
 MYRON,peMyr
 FRANTZ PECKEL MØLLER,peFPM
 SOPHIE [MAREN] MØLLER,peSMo
 [CARL] BIRGER MÖRNER,peBiM
" [HANS] JACOB NANDRUP 
",peHJN
 BETTY [ANNA MARIE] f. Müller NANSEN,peBN
 FRIDTJOF NANSEN,peFNa
 PETER NANSEN,pePN
 NAPOLEON 1.,peNa1
 NAPOLEON 3.,peNap3
 JOHANN AUGUST WILHELM NEANDER,peJAWN
 THORA [ELISABETH] (1880 g. HANSSON) NEELSEN,peTNe
 FRANKLIN E. NEL[],peNel
 KNUD [HVEBORG/WEBERG] NERGAARD,peKNe
 herr NEUMANN,peNeum
" FREDRIKKE [LUISE] f. Jensen NIELSEN 
",peFN
 HARALD [ANDREAS] NIELSEN,peHaNi
 [PETER] IVAR NIELSEN,pePINie
 LARS NIELSEN,peLNi
 MARTINIUS (Martinus Valdemar) NIELSEN,peMN
 ODA [LAURENZE HELMINE] f. Larsen NIELSEN,peONie
 PETER (Peder Even) NIELSEN,pePEN
 PETER (Jean Pierre Louis/Johan Peter Ludvig) NIELSEN,pePNi
 RAGNA [VILHELMINE] NIELSEN,peRaN
 RASMUS NIELSEN,peRNi
 CLEMENCE (Clementine) f. Lederer NIELSSEN,peCNie
 JOHAN [MARTIN] NIELSSEN,peJNie
 HEDWIG f. Raabe NIEMANN-RAABE,peHNR
 NIKOLAI 2.,peNik2
 ANDREAS NILSEN,peANil
 RANDOLPH (eller Randulph) NILSEN,peRN
 WENCHE [ELISABETH] f. Mowinckel NILSEN,peWEN
 [JOHAN] SEVERIN NILSON,peJSN
 ERIKA [RØRING MØINICHEN] LIE NISSEN,peEN
 [ELIAS GOTTLIEB] OSCAR [EGEDE] NISSEN,peONi
 ALFRED [BERNHARD] NOBEL,peANo
 MARTIN KRISTIAN NORBY,peMKN
 ADOLF ERIK NORDENSKIÖLD,peAENo
 GEORG [GUSTAF] NORDENSVAN,peGN
 RIKARD NORDRAAK,peRiN
 CARL PETER [ANTON DIÜRENDAHL] NYBLINN,peCPN
 CARL RUPERT NYBLOM,peCRN
 CARTHON [KRISTOFFER] VALDEMAR NYHOLM,peCVN
 OLINUS NYHUUS,peON
 [GUSTAF] ALFRED NYSTRÖM,peANy
 G. NÆSS,peGNa
 ADOLF OBERMÜLLNER,peAO
 SIGBJØRN OBSTFELDER,peSO
 DETLOF ODELSTJERNA,peDO
 ADAM [GOTTLOB] OEHLENSCHLÄGER,peAGOe
 [OLE] HENRIK [BENEDICTUS] OLRIK,peHOl
 MARIE [ELEONORE] f. Hals OLSEN,peMO
 [IVER] OLAUS OLSEN,peOO
 OLE OLSEN,peOOl
 ROLF OLSEN,peRO
 URANIA MARQUARD OLSEN,peUMO
 BOYE ORDING,peBO
 FREDRIK [CHRISTIAN WILDHAGEN] ORDING,peFO
 OSCAR 1. (Joseph-Françoise-Oscar el. Joseph Frantz Oscar),peKongO1
 OSCAR 2. (Oscar Fredrik),peKongO2
 OSSIP-LOURIÉ (Osip Davydovic Luré),peODL
 ALBERT OSTERRIETH,peAOs
 VICTOR OTTMANN,peVO
 THOMAS OVERSKOU,peTO
 [ADOLF ARNOLD] LOUIS (adlet af Vega) PALANDER,peLPal
 FILIPPO PALIZZI,peFPa
 LUIGI PALMA,pePaLu
 PETER LUDVIG PANUM,pePLPa
 SOFIE [MARIE] PARELIUS,peSPa
 ELMIRE f. Meermann PASSARGE,peEPas
 LUDWIG/LOUIS PASSARGE,peLP
 PAULA,pePaula
 EDE PAULAY,peEPa
 JOHN [OLAF] PAULSEN,peJP
 CHRISTIAN [CORNELIUS] PAUS,peCPa
 CHRISTOPHER BLOM PAUS,peCBP
 HENRIK JOHAN PAUS,peHJPa
 LINA/KAROLINE (Johanne Caroline) PAUS,peKPa
 MINE (Else Marie Rasmine Jørgine) f. Ernst (Ernstz) PAUS,peMPa
 [GERHARD] LOUIS PEDERSEN,peGLP
 THOROLF PEDERSEN,peTPe
 GYULA PÉKAR,peGPe
 KARL [AUGUST FRANZ SALES] PERFALL,peKP
 NILS [EDVARD] PERSONNE,peNP
 PETER,pePeter
 WILHELM [OTTO] PETERS,peWP
" [CHRISTOPHER MATHIAS] CLEMENS PETERSEN 
",peCP
 FREDRIK PETERSEN,peFrPet
 [FREDERIK] JULIUS PETERSEN,peJPe
 NIELS MATTHIAS PETERSEN,peNMP
 [THEODOR] OTTO [ELIOT] PETERSEN,peOP
 PETER [JOHAN KAY] PETERSEN,pePPe
 PETER PETERSEN,pePPet
 RICHARD PETERSEN,peRP
 [PETER] SIEGWART [BLUMENTHAL] PETERSEN,peSiP
 SOPHIE f. Lossius PETERSEN,peSP
 VILHELM [VALDEMAR] PETERSEN,peVVP
 WILLIAM [ANDREAS] PETERSEN,peWPe
 HENRIK GEORG PETERSEN[-GADE],peHGP
 [HJALMAR] EILIF [EMANUEL] PETERSSEN,peEP
 MAGDA (Frederikke Magdalene) f. Kielland PETERSSEN,peMaP
 LILLI PETRI,peLPe
 FRIEDRICH PFEUFER,peFvP
 fru PFEUFER,pePf
 frøken von PFEUFFER,pePfe
 P.H.,peph
 FELIX PHILIPPI,peFP
 GUSTAV PHILIPSEN,peGPh
 PHILIP GERSON PHILIPSEN,pePGP
 POVEL [JOHANNES] (Johansen) PHØNIXBERG,pePJP
 AUGUSTO PIERANTONI,peAuPi
" prinsesse, f. Adelaide Nathan David PIGNATELLI",peAP
 KARL [THEODOR] VON PILOTY,peKvP
 [JOHAN] VICTORINUS PINGEL,peVP
 CARL EDWARD WILHELM PIPER,peCEP
 BALTZAR [BOGISLAUS] VON PLATEN,peBaP
 CARL [PARMO] PLOUG,peCPP
" JOSEPH [CALASANZ KARL] (pseud. Svend Christensen, J. Calion) POESTION",peJCPo
 BERNHARD (eg. Baruch Pohl) POLLINI,peBPo
 HENRIK PONTOPPIDAN,peHPont
 ANNA (pseud. Ernesta Delsarta) POSSART,peAPo
 ANNA CAROLINE f. Deinet POSSART,peACP
 ERNST [HEINRICH] POSSART,peEPos
 [CHRISTIAN] EMIL POULSEN,peEPo
 OLAF [RYE] POULSEN,peOPo
 EDITH PRADEZ,peEPr
 PRAXITELES,pePrax
 HANS JACOB PREUS,peHJP
 JOHAN CASPAR PREUS,peJCP
 HERMIONE (Hermine) Freiin VON PREUSCHEN,peHvP
 LAURITZ [TERPAGER MALLING] PRIOR,pePrior
 BRYNHJOLF PROM,peBP
 JACOB PROM,peJPr
 MORITZ (Maurice) PROZOR,peMP
 MÄRTA MARGARETA f. Bonde PROZOR,peMMP
 ROBERT [EDUARD] PRUTZ,peREP
 DIÓSCORO TEÓFILO DE LA PUEBLA TOLIN,peDTPT
 FERENC PULSZKY VON CSELFALVA UND LUBÓCZ,peFPvCuL
 ALVILDE PRYDZ,peAPr
 MORTEN QUIST-HANSSEN,peMQH
 [OLE] ANTON QVAM,peOAQ
 FREDRIKKE [MARIE] f. Gram QVAM,peFQ
 PAUL RACHÉ,pePBR
 eg.: Rafaello Santi (Sanzio) RAFAEL,peRaf
 DORIS (Dorothea) f. Genast RAFF,peDR
 HELENE RAFF,peHR
 GYÖRGY RÁHT,peGRa
 MINDA [MATHEA OLAVA] f. Olsen RAMM,peMRa
 ALBERT [ADAM] RANFT,peAlR
 [PAUL] AUGUST RASMUSSEN,peAR
" VIKTOR [MORITZ KARL] HERZOG VON, Fürst von Corvey, Prinz zu Hohenlohe-Waldenburg-Schillingsfürst RATIBOR",peVHvR
 NIELS [CHRISTIAN THEOBALD] RAVNKILDE,peNR
 CATHERINE RAY,peCRay
 MAXIMILIAN RECK,peMRe
 ERNST [FREDERIK VILHELM] VON DER RECKE,peEReck
 MARIE REDWITZ,peMRed
 OSKAR REDWITZ,peORed
 IMMANUEL RÉE,peIR
 EMIL REICH,peER
 A.C.P. REIERSEN,peACPR
 frøken REIERSEN,peReiers
 HALVOR C. REIERSEN,peHCR
 JENS AARUP REIMANN,peJAR
 LOVISE f. Larsen REIMANN,peFLR
 [HIERONYMUS] ARNOLDUS REIMERS,peARei
 GEORG REIMERS,peGR
 [PETRA] SOPHIE [ALETTE CHRISTINE] REIMERS,peSR
 CARL FRIEDRICH REISER,peCFR
 RÉJANE (Gabrielle Charlotte Réju),peGRe
 ERNEST RENAN,peERe
 ANNA [WILHELMINA] HIERTA- RETZIUS,peAHR
 [MAGNUS] GUSTAF RETZIUS,peMGRe
 HANS [HENRIK] REUSCH,peHaRe
 [ALBERT KARL] THEODOR REUSS,peTRe
 SOPHIE [AMALIA] RIBBING,peSRi
 [ERNST] CHRISTIAN RICHARDT,peECR
 OLE [JØRGENSEN] RICHTER,peORi
 HANS RIDDERVOLD,peHRi
 JULIUS RIDDERVOLD,peJRi
 WILHELM HEINRICH RIEHL,peHWR
 FANNY [EVELINA] RIIS,peFRi
 CHRISTEN RIIS-KNUDSEN,peCRKn
 CHRISTIAN VILHELM RIMESTAD,peCRi
 PEDER RINDE,pePRi
 ELLEF RINGNES,peERi
 ADELAIDE RISTORI,peARi
 CARL RITTER,peCaRi
 ERIK NICOLAJ RITZAU,peENR
 ELIZABETH ROBINS,peERo
 HENRYK [HIPOLIT] RODAKOWSKI,peHRo
 FREDERIK RODE,peFR
 GOTFRED [BENJAMIN] RODE,peGRo
 HELGE RODE,peHeRo
 OVE RODE,peORode
 JULIUS (til 1855: Julius Levy) RODENBERG,peJRo
 JUSTINIA f. Schiff RODENBERG,peJuR
 VON ROEPERT,pevR
 NIELS GIERTSEN ROGSTAD,peNGR
 [PEDER] CHRISTIAN ROHDE,peCRo
 [FERDINAND] AUGUST ROJAHN,peFARo
 [JOHAN] NORDAHL [BRUN] ROLFSEN,peNRo
 ROMAIN ROLLAND,peRR
 ROSA,peRosa
 WILHELM ROSCHER,peWiRo
 CARL [FREDERIK VILHELM MATHILDUS] ROSENBERG,peCR
 KNUD [MARIUS] ROSENDAHL,peKMR
 VILHELM [JACOB] ROSENSTAND,peVJR
 CHRISTIAN MEYER ROSS,peCMR
 HANS [MATTHIAS ELISÆUS] ROSS,peHMER
 ERNESTO ROSSI,peErR
 PELLEGRINO DE ROSSI,pePdR
 KRISTEN ROVSING,peKR
 MARIE [NICOLINA THEODORA] f. Schack ROVSING,peMR
 ALBERT RUBENSON,peARub
 MAURITZ RUBENSON,peMRu
 GEORGE ALLEN RUDD,peRudd
 JANE STUART f. Porter RUDD,peRu
 JULIE RUHKOPF,peJR
 WALTER [MAGNUS] RUNEBERG,peWMR
 OLAV [GEORG MARTINIUS] RUSTEN (fra 1890-årene: RUSTI),peORus
 [ABRAHAM] VIKTOR RYDBERG,peVR
 [JULIUS] WILHELM RYDBERG,peWiR
 [NILS] MATHIAS RYE,peMRy
 FRØKEN RYE,peRye
 EVALD RYGH,peEvald
 OLUF RYGH,peORy
 JOHAN HERMAN RÖSSING,peJHRo
 ANNA (Johanna Cornelia Sophia) f. Sablairolles RÖSSING-SABLAIROLLES,peARS
 UGO SACCENTI,peUgS
 FREDERIK THEOCAR SALICATH,peFTSa
 OSKAR SALICATH,peOSa
 ISAAC SALMONSEN,peIS
 MARTIN SALOMONSEN,peMSa
 GEORGE (eg. Louise Aurore Dudevant f. Dupin) SAND,peSand
 JENNY (BJØRNSON) f. Dahl SANDBERG,peJeSa
 [JOHAN] ERNST [WELHAVEN] SARS,peJES
 GEORG OSSIAN SARS,peOSar
 THEODORE DE SAUSSURE,peTdS
 ALBERT SAVINE,peASa
 JEAN BAPTISTE SAY,peJeBS
 BERENT [HENRIK WILHELM] SCHANCHE,peBHWS
 SOPHUS [CHRISTIAN FREDERIK] SCHANDORPH,peSS
 JOHAN SCHARFFENBERG,peJSch
 [CARL] HENRIK SCHARLING,peCHSch
 [JOSEPH] VICTOR [VON] SCHEFFELL,peVS
 WILHELMINE HOLMBOE (Wielma Lhombino) SCHENSTRØM,peWHo
 GEORG [SOPHUS FREDERIK] SCHEPELERN,peGSche
 LUDWIG S. SCHEEFFER,peDSchee
 WILHELM SCHERER,peWSch
 CHRISTOPH GOTTLIEB ADOLF FREIHERR VON SCHEURL,peCFvS
 AMANDUS [THEODOR] SCHIBSTED,peASch
 [PETER] CHRISTIAN SCHIERBECK,pePCS
 [JOHANN CHRISTOPH] FRIEDRICH VON SCHILLER,peFSch
 ADOLF SCHIRMER,peASchi
 ELSE SCHIRMER,peElSc
 OSKAR EMIL SCHIØTZ,peOES
 MATHILDE f. Dunker SCHJØTT,peMSc
 EDUARD SCHLEICH,peESchl
 PAUL (pseud. Horatio) SCHLENTHER,pePS
 fru SCHLESINGER,peSchl
 HANS SCHLYTTER,peHS
 ADELHEID SCHMIDT,peAdSch
 AUGUSTE f. Haßlacher SCHMIDT,peAuSc
 EMILIE AMALIA f. Jensen SCHMIDT,peEASc
 [FRANZ] ERICH SCHMIDT,peErSc
 herr SCHMIDT,peSchm
 LUDWIG HEINRICH SCHMIDT,peLHS
 MAXIMILIAN (fra 1898 arvelig æresnavn: Waldschmidt) SCHMIDT,peMSch
 OSWALD SCHMIDT,peOSch
 [PETER CARL] RUDOLPH SCHMIDT,peRS
 RIA f. Claassen SCHMUJLOW-CLAASSEN,peRSC
" MARTIN SCHNEEKLOTH 
",peMS
 [GERHARD] AUGUST SCHNEIDER,peASchnei
 BALTHAZAR SCHNITLER,peBS
 DIDERIK THOMAS JOHANNES SCHNITLER,peDJTS
 LUDVIG ABELIN SCHOU,peLASc
 OLAF [FREDRIK] SCHOU,peOSc
 [EDELE] CHRISTIANE [MARGRETA] SCHREIBER,peChS
 EMIL [THEODOR] SCHREINER,peESch
 THOMAS [WIBORG] SCHREINER,peThSch
 HANS [FREDERIK LUDVIG] SCHRØDER,peHSch
 LUDVIG [PETER] SCHRØDER,peLPS
 RICHARD [MARTIN] SCHRØDER,peRiSch
 FRIEDRICH KARL SCHUBERT,peFKS
" OLE CARELIUS SCHULERUD 
",peOS
 PETER SCHULERUD,pePSch
 CHRISTIAN FREDERIK SCHWARTZKOPF,peCFS
 WILHELM FREIHERR VON SCHWARZ-SENBORN,peWSS
 ANTON MARTIN(IUS) SCHWEIGAARD,peAMS
 CHRISTIAN [HOMAN] SCHWEIGAARD,peCHS
 AUGUST KARL HEINRICH VON SCHWEINITZ,peAvonS
 FRU PHILIPP SCHWEITZER,peSchw
 PHILIPP SCHWEITZER,pePSchw
 EDVARD SCHØNBERG,peEdS
 [MAREN CAROLINE] HENRIETTE SCHØNBERG [ERKEN],peHSE
 WILHELMINE SCHØNBERG,peWS
 FREDERIK [CHRISTIAN] (FRITZ) SCHÜBELER,peFCSch
 SCHØLL,peSch
 LOTTEN [JENNY ANNE-MARIE] SEELIG,peLSee
 JENS [ANDREAS LUDVIG] SELMER,peJSel
 JOHAN [PETER] SELMER,peJoS
 LEONORA (Eleonora Josephine) f. Nielsen SELMER,peLSe
 LUCIUS ANNAEUS SENECA d.y.,peLASe
 CHARLES LÉON DE SERVINS DHÉRICOURT,peCSH
 WILLIAM SHAKESPEARE,peWiS
 GEORG [CHRISTIAN] SIBBERN,peGS
 [LUDVIG FREDERIK] GABRIEL SIBBERN,peLFGS
 CARL NICOLAI JENSEN SICHLAU,peCNJS
 PETER FRIEDRICH SIEBOLD,pePFS
 SIGURD 1. Magnusson JORSALFARE,peSJors
 CHRISTINE [MARIE MAGDALENE] SIEWERS,peCSi
 PETER SIMONSEN,pePeSi
 ANNA [CHRISTINE] f. Nielsen SINDING,peASi
 CHRISTIAN [AUGUST] SINDING,peChrS
 OTTO [LUDVIG] SINDING,peOSi
 SIGMUND SINDING,peSiSi
 STEPHAN [ABEL] SINDING,peSSi
 [NILS ULRIK] ALFRED SINDING-LARSEN (før 1881: Sinding Larsen),peASL
 PER [ERIKSEN] (Peder) SIVLE,pePSi
 EDVARD [OTTO ROSSING] SKARI,peES
 OLAF (Ole) SKAVLAN,peOSk
 MATHIAS [SEVERIN BERNTSEN] SKEIBROK,peMSBS
 [BERTHE] AMALIE f. Alver SKRAM,peASkr
 CHRISTIAN [ERICHSEN] SKREDSVIG,peCSk
 JOHANNES [NILSSON] SKAAR,peJNS
 CARL FRITHJOF SMITH,peCSm
 ERNEST WILLIAM SMITH,peEWS
 MATHILDE [JOSEPHINE] SMITH,peMSm
 [ISAC] FREDRIK SMITT,peIFS
 CARL [JOHAN GUSTAF] SNOILSKY,peCS
 EBBA [FREDRIKA ELEONORA] friherrinne f. Ruuth SNOILSKY,peESn
 ELISABETH [FLORENTINA] SNOILSKY,peElS
 SNORRE STURLASSON,peSnSt
 SOFIE [WILHELMINE MARIANE HENRIETTE] (Sophie; i Sverige Sofia eller Sophia),peDroS
 [PER] AUGUST [FERDINAND] SOHLMAN,peAugSoh
 RUDOLF SOKOLOWSKY,peRSo
 JØRGEN [VALENTIN] SONNE,peJSo
 BOLETTE SONTUM,peBSo
 CAROLINE [EUGENIE] f. Næser SONTUM,peCaSo
 CHRISTIAN [FREDRIK] SONTUM,peChrSo
 CHRISTIAN FREDRIK SONTUM,peCSo
 HELENE [MØLLER] f. Linde SONTUM,peHSo
 SOPHIE [WILHELMINE MARIE LOUISE],peSvSWE
 PAOLO [AGOSTINO] SPERATI,pePSp
 CARLOTTA SPINN,peCaSp
 DIANA SPINOLA,peDSp
 LUIGI DOMENICO SPINOLA,peLDS
 VITTORIA GUERRIERI SPINOLA,peVGSp
 JOSEF SPITHÖVER,peSpi
 DANIEL (pseud. Wiener Spaziergänger) SPITZER,peDaSp
 AUGUST [GEELMUYDEN] SPØRCK,peASp
 GABRIEL [BASTIAN NICOLAI] STABELL,peGBNS
 LUDWIG STAINER,peLSta
 ADELAIDE [PAULINE] f. Berg STANG,peAPSta
 EMIL STANG,peESta
 FREDERIK STANG,peFStang
 M.A. STANGBY,peMAS
 ESTANCE [LOVISE CHRISTI] STEEN,peESte
 [HANS CHRISTIAN] FREDERIK STEEN,peHCFS
 JOHANNES [WILHELM CHRISTIAN] STEEN,peJSte
 KRISTINE [WILHELMINE PETREA] STEEN,peKS
 SØREN SWENSEN STEEN,peSSt
 PETER FREDERIK STEENSBALLE,pePFSt
 [JOHANNES] JAPETUS [SMITH] STEENSTRUP,peJaSte
 CARL [CONSTANTIN HEINRICH] STEFFECK,peCCHS
 GUSTAF [FREDRIK] STEFFEN,peGFS
 HENRICH STEFFENS,peHSt
 LORENZ VON STEIN,peSvL
 ELEONORE VON DEN f. Herzfeld STEINEN,peLvdS
 ANNA/ANNE DOROTHEE f. Lüders STEINHOFF,peADSt
 HANNA (Johanne Christine) STENERSEN,peHSte
 LAURITS (Laurentius Borchsenius) STENERSEN,peLBS
 [KARL] WILHELM [EUGÈNE] STENHAMMAR,peWSt
 GEORGE STEPHENS,peGeSte
 ODDGEIR STEPHENSEN,peOSt
 [FRIEDRICH] ADOLF [ERNST] STERN,peAdSte
 HANS VALDEMAR STHYR,peHVS
 LEO STIEGLITZ,peLSti
 MARY ST JOHN-MILDMAY,peMSJM
 [CARL] EDVARD STJERNSTRÖM,peEStj
 LOUISE (Lovisa Elisabeth) f. Granberg STJERNSTRÖM,peLStj
 JOHAN CHRISTOFFER STOCHHOLM,peJCS
 FERDINAND STOCKENBERG,peFS
 NANNA f. Holmboe STORJOHAN,peNS
 GUSTAV STORM,peGSto
 JOHAN [FREDERIK BREDA] STORM,peJStorm
 ANNA [JACOBINE ROSINE] STOUSLAND,peASto
 HEDVIG (ved dåpen Hedevig Cathrine) f. Ibsen STOUSLAND,peHSto
 HENRIK (eg. Nielsen) STRANDVOLD,peHStra
 DAVID FRIEDRICH STRAUSS,peDFS
 GIOVANNI STRAZZA,peGSt
 [JOHAN] AUGUST STRINDBERG,peASt
 [ADOLPH HEINRICH] ADOLF STRODTMANN,peAS
 fru STRODTMANN,peStrodt
 HERMANN STRUCK,peHStr
 GEORG [FREDRIK NIELSEN] (til ca. 1887: Georg Nielsen) STRØMDAL,peGeS
 PEER OLSEN STRØMME,pePOS
 AMBROSIUS [CHRISTOFFERSEN] STUB,peACS
 PAUL [JENSENIUS] STUB,peJSt
 HEINRICH STÜMCKE,peHeSt
 HERMANN SUDERMANN,peHSu
 GERHARD SUNDT,peGSu
 [LUDWIG] BERNHARD SUPHAN,peBeSu
 BERTHA VON SUTTNER,peBvS
 JOHAN [SEVERIN] SVENDSEN,peJSv
 JAKOB [LIV ROSTED] SVERDRUP,peJLRS
 JOHAN SVERDRUP,peJS
 WILLIAM [FREDERIK BENEDICT PETER] SVERDRUP,peFBPS
 SVERRE SIGURDSSON,peSvSi
 LARS [MAGNUS] SWANSTRÖM,peLS
 EDVARD [MAURITZ] SWARTZ,peESw
 PELLE (Per Adolf) SWEDLUND,pePSw
 [JOHAN] AUGUST SÖDERMAN,peJAS
 WERNER [LEOPOLD] SÖDERSTRÖM,peWSo
 NILS P. SØGAARD,peNPS
 SØRENSEN,peSor
 CATHARINA SØRENSEN,peThS
 EMIL TAUBERT,peET
 ALFRED LORD TENNYSON,peAT
 FRITZ (eg. Johan Frederik) THAULOW,peFrT
 HARALD [CONRAD] THAULOW,peHCTh
 ANDREAS THIELE,peATHi
 JENS [PETER] THIIS,peJT
 GUSTAV [EMIL] THOMASSEN,peGET
 HELGA [MATHEA] f. Clausen THOMMESSEN,peHeTh
 OLA (Olaus Anthon) THOMMESSEN,peOT
 AXEL THORESEN,peAxT
 HANS CONRAD THORESEN,peHaCT
 JOHAN HERMAN THORESEN,peJHT
 [ANNA] MAGDALENE f. Kragh THORESEN,peMT
 MARIE ANTOINETTE f. Olsen THORESEN,peMAT
 MARIE [SOPHIE] THORESEN,peMTh
 THOMAS KRAGH THORESEN,peTK
" CHR. THORKILDSEN 
",peTho
 CARL JULIUS THORNAM,peCJT
 MARCUS [MØLLER] THRANE,peMThr
 HENNING [JUNGHANS] THUE,peHT
 FRITS (Frederik Ferdinand) TILLISCH,peFT
 SAMUEL TINSLEY,peST
 FERDINAND [HETTING] TISCHENDORF,peFHT
 SOPHIE VON f. Gomperz TODESCO,peSTo
 LEV [NIKOLAJEVITSJ] (Leo) TOLSTOJ,peTols
 ZACHARIAS TOPELIUS,peZT
 PETER WESSEL TORDENSKIOLD,pePWT
 SOPHUS [CARL FREDERIK] TORUP,peSoT
 GIUGLIELMO TRAMONTANO,peGT
 LUDWIG TRAUBE,peLT
" HERBERT BEERBOHM (eg. Herbert Draper Beerbohm, fra 1909: sir) TREE",peHBT
 TROITZH (muligens: TROITZSCH),peWT
 SEBASTIANO TURBIGLIO,peSeTu
 [FREDERIK CHRISTIAN] FERDINAND TUTEIN,peFCFT
 [NILS] CHRISTIAN TØNSBERG,peCT
 MAREN DOROTHEA f. Bødtker TØNSBERG,peMDTg
 ALBERT THEODOR TÖTTERMAN,peATT
 KARL [KRISTIAN] UCHERMANN,peKU
 MARTIN [ANDREAS] UDBYE,peMAU
 OLE GABRIEL [GABRIELSEN] UELAND,peOGU
 herr UGGLA,peUgg
 VIGGO ULLMANN,peUll
 INGVALD [MARTIN] UNDSET,peInUn
 CARL RICHARD UNGER,peCRU
 CLARA [HANSINE] f. Hansen URSIN,peCU
 URSULUS,peUrs
 HERMANN (Bamberger) VÁMBÉRY,peHeVa
 HERMANN VARNHAGEN,peHV
 JOHANNA EMILIA f. Palmén VASENIUS,peJEVa
 [GUSTAF] VALFRID VASENIUS,peVaVa
 VALDEMAR VEDEL,peVVe
 ELLEN f. Brodbeck VETTER,peElVe
 FERDINAND (pseud. Friedrich Volker) VETTER,peFV
 JOHAN [LUDVIG NIELS HENRIK] VIBE,peJV
 [FREDERIK] LUDVIG VIBE,peFLV
 OLE VIG,peOVi
 VIKTOR EMANUEL 2. (Vittorio Emanuele),peVikt2
 VILHELM 1.,peVil1
 AASMUND OLAVSSON VINJE,peAOV
 GEORG [JOSEPH] VOGLER,peGV
 HELENE ANDREA f. Ottesen VOGT,peHAV
 NILS VOGT,peNVo
 NILS COLLETT VOGT,peNCV
 [HENRIK LUDVIG] VOLRATH VOGT,peVVo
 ADOLF VOLLMANN,peAVo
 GEORG [HEINRICH] VON VOLLMAR [AUF VELTHEIM],peGvV
 JULIA VON f. Kjellberg VOLLMAR,peJvV
 PETER [CHRISTIANSEN] VOSS,pePCV
 RICHARD VOSS,peRV
 ERIK VULLUM,peEVu
 [ROTA] MARGRETHE f. Lehmann VULLUM,peMaVu
 CARL WACHTMEISTER,peCaWa
 [WILHELM] RICHARD WAGNER,peRWag
" MINA (Abrahamine) g. ENG WAHL 
",peAWE
 FREDRIK MELTZER WALLEM,peFMW
 FRANZ WALLNER,peFWa
 CHRISTOPHER [JOHAN] WALLROTH,peCWa
 FERDINAND WALTER,peFeWa
 CARL B. WALTZ,peCBW
 JENS [WALDEMAR] WANG,peJWa
 KARL [JOHAN] WARBURG,peKWa
 W. BARON VON WARBURG,peWBW
 ROBERT WATT [vat],peRW
 ANTOINE WATTEAU,peAnWa
 JOHANN JAKOB WEBER,peJJW
 [JOHAN CASPAR] HERMAN [NICOLAI] WEDEL-JARLSBERG,peWed
 MIMI (Mathilde) f. Meyer WEDEL-JARLSBERG,peMWJ
 ANDREA f. Bagge WEGENER,peAWeg
 PHILIP WEILBACH,pePW
" HERMANN WEISS 
",peHWe
 JOACHIM [HEIBERG] WELHAVEN,peJoaHW
 JOHAN SEBASTIAN [CAMMERMEYER] WELHAVEN,peJSW
 ERIK [THEODOR] WERENSKIOLD,peEWe
 HARALD [TITUS ALEXIS] WERGELAND,peHW
 [JOSEPH FRANTZ] OSCAR WERGELAND,peJFOW
 OSCAR [ARNOLD] WERGELAND,peOWe
 ALICE WERNER,peAW
" JULIUS WERTHER 
",peJWe
 JOHAN HERMAN WESSEL,peJHW
 HENRIC [LAURENTIUS] WESTIN,peHWes
 RAGNA [MARIE] f. Olsen WETTERGREN,peRWe
 [NIELS JACOB EMIL] NILS WICKSTRØM,peWick
 GUSTAV [JOHANNES] WIED,peGW
 [ANTON] WILHELM WIEHE,peAVW
 CARL/KARL WIENE,peKWi
 HARALD [OSSIAN] WIESELGREN,peHaWi
 [CARL] OSCAR WIJKANDER,peOW
 HERMANN WILBERG,peHWil
 ADOLF VON WILBRANDT,peAWi
 dr. WILLE,peDrWi
 HANS JACOB WILLE,peHJW
 MARIANNE VON f. Jung WILLEMER,peMW
 [PER] ANDERS [JOHAN] WILLMAN,peAWil
 CHRISTIAN [FREDERIK (Friedrich) EMIL] WILSTER,peCW
 I. WINCKEL,peIW
 JOHANN JOACHIM WINCKELMANN,peJJWi
 MOGENS [MOGENSEN] WINGAARD,peMMW
 PER [CARL] WINGE,pePWi
 [ERHARDT] FREDERIK (Friederich) WINKEL HORN,peFW
 HEDVIG [CHARLOTTA] f. Forsman WINTERHJELM/WINTER-HJELM,peHWi
 KRISTIAN ANASTAS WINTERHJELM/WINTER-HJELM,peKAWi
 FRITZ WITTE-WILD,peFWW
 ROMAN [MICHAEL] WOERNER,peRWo
 [KAREN] LUCIE f. Johannessen WOLF,peLW
 [JACOB WILHELM] NICOLAI WOLF,peJWNW
 FREDERIK HERMAN (Friedrich Hermann) WOLFHAGEN,peFWo
 CARSTEN [LÜTKEN] WOLL,peCLW
 LOUIS FRANÇOIS MICHEL RAYMOND WOLOWSKI,peLFMRW
 CHARLOTTE WOLTER,peCWo
 ALFRED [FREIHERR] VON WOLZOGEN,peAvWo
 [JOHAN] JAKOB WOXEN,peJW
 KARL (Carl Gustav Marius) WOXEN,peKW
 BERNHARD WULFF,peBW
 [CARL] ERIC [ADAM] ZACHRISON,peEZ
" RIKKA (Ulrikke Cathrine) f. og tidligere g. Schulerud ZEIER 
",peRSch
 herr ZIMMERMANN,peZi
 AUGUSTE (Gustava Sophia Agneta) f. Raddatz ZINCK,peAZ
 ÉMILE ZOLA,peEZol
 HEINRICH ZSCHALIG,peHZ
 DIKKEN (Henrikke Barbara Wind Daae) ZWILGMEYER,peDZ
 CLAES GUSTAF ÖSTBERG,peCGO
 VILHELM (Wilhelm) ØSTERGAARD,peViO
 HANS ÖSTERLING,peHOst
 GURLI (Johanna Carolina) (1883 g. Ulff) ÅBERG,peGA
 [CHRISTIAN] EBERHARD ÅBJÖRNSSON,peEAa
 WILLIAM [GOTTLIEB] ÅBJÖRNSSON,peWAb
 SVEA ÅHMAN,peSvA
 HENRIK ÅKERMAN,peHeA
 LOUISE JULIE JACQUETTE f. Liljencrantz ÅKERMAN,peLJA
 IDA [EMILIA] AALBERG,peIA
 CARL SIGVARDTH AAMODT,peCSAa
 [HANSINE] HENRIETTE ANDERSEN f. Vogt AARS,peHAA
 [JACOB] JONATHAN AARS,peJJAa
 IVAR [ANDREAS] AASEN,peIvAa
